metodo,semilla,digitos,a,c,m,cantidad
congruencial_multiplicativo,12345,,16807,,2147483647,1000000
congruencial_multiplicativo,315789130,,16807,,2147483647,1000000
congruencial_multiplicativo,1496998402,,16807,,2147483647,1000000
congruencial_multiplicativo,2141740912,,16807,,2147483647,1000000
congruencial_multiplicativo,988308663,,16807,,2147483647,1000000
congruencial_multiplicativo,1701760400,,16807,,2147483647,1000000
congruencial_multiplicativo,1439839697,,16807,,2147483647,1000000
congruencial_multiplicativo,1657840212,,16807,,2147483647,1000000
congruencial_multiplicativo,2107379266,,16807,,2147483647,1000000
congruencial_multiplicativo,1482934229,,16807,,2147483647,1000000
congruencial_multiplicativo,912307078,,16807,,2147483647,1000000
congruencial_multiplicativo,1846698065,,16807,,2147483647,1000000
congruencial_multiplicativo,283147960,,16807,,2147483647,1000000
congruencial_multiplicativo,239424390,,16807,,2147483647,1000000
congruencial_multiplicativo,609121956,,16807,,2147483647,1000000
congruencial_multiplicativo,1839477096,,16807,,2147483647,1000000
congruencial_multiplicativo,665142201,,16807,,2147483647,1000000
congruencial_multiplicativo,166948845,,16807,,2147483647,1000000
congruencial_multiplicativo,795270979,,16807,,2147483647,1000000
congruencial_multiplicativo,320443304,,16807,,2147483647,1000000
congruencial_multiplicativo,920314889,,16807,,2147483647,1000000
congruencial_multiplicativo,1249124685,,16807,,2147483647,1000000
congruencial_multiplicativo,707187559,,16807,,2147483647,1000000
congruencial_multiplicativo,1132818827,,16807,,2147483647,1000000
congruencial_multiplicativo,301643268,,16807,,2147483647,1000000
congruencial_multiplicativo,2139775327,,16807,,2147483647,1000000
congruencial_multiplicativo,1908396531,,16807,,2147483647,1000000
congruencial_multiplicativo,534011225,,16807,,2147483647,1000000
congruencial_multiplicativo,1093895165,,16807,,2147483647,1000000
congruencial_multiplicativo,1682924977,,16807,,2147483647,1000000
congruencial_multiplicativo,1345293127,,16807,,2147483647,1000000
congruencial_multiplicativo,1355819998,,16807,,2147483647,1000000
congruencial_multiplicativo,2083740652,,16807,,2147483647,1000000
congruencial_multiplicativo,2032380734,,16807,,2147483647,1000000
congruencial_multiplicativo,1902673064,,16807,,2147483647,1000000
congruencial_multiplicativo,727929120,,16807,,2147483647,1000000
congruencial_multiplicativo,603571598,,16807,,2147483647,1000000
congruencial_multiplicativo,974145810,,16807,,2147483647,1000000
congruencial_multiplicativo,1639400818,,16807,,2147483647,1000000
congruencial_multiplicativo,1835636249,,16807,,2147483647,1000000
congruencial_multiplicativo,1313210878,,16807,,2147483647,1000000
congruencial_multiplicativo,1012342539,,16807,,2147483647,1000000
congruencial_multiplicativo,246627685,,16807,,2147483647,1000000
congruencial_multiplicativo,953571184,,16807,,2147483647,1000000
congruencial_multiplicativo,184321104,,16807,,2147483647,1000000
congruencial_multiplicativo,1314374453,,16807,,2147483647,1000000
congruencial_multiplicativo,1409762357,,16807,,2147483647,1000000
congruencial_multiplicativo,1684613282,,16807,,2147483647,1000000
congruencial_multiplicativo,294870954,,16807,,2147483647,1000000
congruencial_multiplicativo,1639825171,,16807,,2147483647,1000000
congruencial_multiplicativo,1914166241,,16807,,2147483647,1000000
congruencial_multiplicativo,2053569382,,16807,,2147483647,1000000
congruencial_multiplicativo,256541054,,16807,,2147483647,1000000
congruencial_multiplicativo,872433549,,16807,,2147483647,1000000
congruencial_multiplicativo,184854287,,16807,,2147483647,1000000
congruencial_multiplicativo,1746649643,,16807,,2147483647,1000000
congruencial_multiplicativo,1475131202,,16807,,2147483647,1000000
congruencial_multiplicativo,901669508,,16807,,2147483647,1000000
congruencial_multiplicativo,484991666,,16807,,2147483647,1000000
congruencial_multiplicativo,1590706451,,16807,,2147483647,1000000
congruencial_multiplicativo,1665281150,,16807,,2147483647,1000000
congruencial_multiplicativo,1551709604,,16807,,2147483647,1000000
congruencial_multiplicativo,670864792,,16807,,2147483647,1000000
congruencial_multiplicativo,762126125,,16807,,2147483647,1000000
congruencial_multiplicativo,2130209776,,16807,,2147483647,1000000
congruencial_multiplicativo,724337646,,16807,,2147483647,1000000
congruencial_multiplicativo,1802295854,,16807,,2147483647,1000000
congruencial_multiplicativo,207573873,,16807,,2147483647,1000000
congruencial_multiplicativo,1240904703,,16807,,2147483647,1000000
congruencial_multiplicativo,499361587,,16807,,2147483647,1000000
congruencial_multiplicativo,1693860296,,16807,,2147483647,1000000
congruencial_multiplicativo,688977321,,16807,,2147483647,1000000
congruencial_multiplicativo,1450362528,,16807,,2147483647,1000000
congruencial_multiplicativo,553296262,,16807,,2147483647,1000000
congruencial_multiplicativo,450188555,,16807,,2147483647,1000000
congruencial_multiplicativo,976752174,,16807,,2147483647,1000000
congruencial_multiplicativo,1013654275,,16807,,2147483647,1000000
congruencial_multiplicativo,141696292,,16807,,2147483647,1000000
congruencial_multiplicativo,346041512,,16807,,2147483647,1000000
congruencial_multiplicativo,1927739614,,16807,,2147483647,1000000
congruencial_multiplicativo,304442646,,16807,,2147483647,1000000
congruencial_multiplicativo,1903317013,,16807,,2147483647,1000000
congruencial_multiplicativo,270112071,,16807,,2147483647,1000000
congruencial_multiplicativo,304213790,,16807,,2147483647,1000000
congruencial_multiplicativo,131847111,,16807,,2147483647,1000000
congruencial_multiplicativo,1148033482,,16807,,2147483647,1000000
congruencial_multiplicativo,580281503,,16807,,2147483647,1000000
congruencial_multiplicativo,1590563242,,16807,,2147483647,1000000
congruencial_multiplicativo,148562048,,16807,,2147483647,1000000
congruencial_multiplicativo,734784948,,16807,,2147483647,1000000
congruencial_multiplicativo,1345459096,,16807,,2147483647,1000000
congruencial_multiplicativo,1374236644,,16807,,2147483647,1000000
congruencial_multiplicativo,1401317113,,16807,,2147483647,1000000
congruencial_multiplicativo,1777739235,,16807,,2147483647,1000000
congruencial_multiplicativo,33652429,,16807,,2147483647,1000000
congruencial_multiplicativo,921216234,,16807,,2147483647,1000000
congruencial_multiplicativo,1623734701,,16807,,2147483647,1000000
congruencial_multiplicativo,2018357170,,16807,,2147483647,1000000
congruencial_multiplicativo,622197977,,16807,,2147483647,1000000
congruencial_multiplicativo,425041908,,16807,,2147483647,1000000