replica,semilla_inicial,beta,p,tasa_vacunacion,efectividad,letalidad,pico_I,dia_pico,total_infectados,tasa_ataque,muertes,dia_control,conservacion_ok
1,555555555,0.327962,0.574878,0.0,0.8562575,0.00660515,5536,76,10000,1.0,69,91,1
2,3980640434,0.319556,0.480646,0.0,0.879311,0.019265749999999998,4181,112,10000,1.0,219,127,1
3,1821297204,0.377598,0.432514,0.0,0.8602835,0.0082523,4681,103,10000,1.0,88,119,1
4,3757388300,0.33827799999999997,0.45374200000000003,0.0,0.926963,0.014981149999999999,4352,100,10000,1.0,152,115,1
5,2675944971,0.340886,0.503558,0.0,0.9303935,0.0079832,4977,93,10000,1.0,76,108,1
6,2864026785,0.45359,0.441262,0.0,0.817598,0.018944449999999998,5873,71,10000,1.0,188,85,1
7,478949777,0.376922,0.475308,0.0,0.929867,0.0187994,5341,80,10000,1.0,193,95,1
8,848379800,0.477336,0.485392,0.0,0.9162905,0.017837449999999998,6460,61,10000,1.0,185,76,1
9,4244019036,0.32284799999999997,0.45361,0.0,0.8349845,0.00803135,3970,119,10000,1.0,83,135,1
10,4095288028,0.31022,0.569186,0.0,0.922841,0.01829465,5054,82,10000,1.0,195,97,1
11,1450282977,0.484764,0.56891,0.0,0.8026190000000001,0.016543099999999998,7013,53,10000,1.0,164,67,1
12,113535202,0.315832,0.515706,0.0,0.8373125,0.0137888,4699,94,10000,1.0,143,109,1
13,1834360636,0.330554,0.526184,0.0,0.827126,0.01783205,5199,83,10000,1.0,168,98,1
14,3702122871,0.488048,0.55501,0.0,0.8756585,0.00523775,7105,53,10000,1.0,42,68,1
15,4124754202,0.44767,0.554536,0.0,0.8746535,0.0140423,6725,54,10000,1.0,128,69,1
16,3635812738,0.357452,0.408696,0.0,0.853658,0.0173489,4010,116,10000,1.0,168,131,1
17,2239875600,0.392262,0.539148,0.0,0.8705345,0.010720549999999999,6072,64,10000,1.0,112,79,1
18,3161276766,0.44391,0.53554,0.0,0.827111,0.01082345,6609,66,10000,1.0,126,81,1
19,2489585001,0.489148,0.512618,0.0,0.80432,0.01092905,6751,54,10000,1.0,96,69,1
20,3033091411,0.33482,0.468084,0.0,0.826364,0.013111249999999998,4537,96,10000,1.0,118,112,1
21,3287408778,0.39738799999999996,0.414742,0.0,0.9334834999999999,0.01115885,4753,95,10000,1.0,112,110,1
22,1599342155,0.33400799999999997,0.504258,0.0,0.8138825000000001,0.00975695,4886,85,10000,1.0,103,100,1
23,255435924,0.309676,0.46866,0.0,0.8445785,0.016277,3892,132,10000,1.0,178,147,1
24,449932495,0.433308,0.528866,0.0,0.880634,0.013622449999999998,6341,60,10000,1.0,133,74,1
25,836279341,0.364884,0.447092,0.0,0.9135875,0.0084323,4647,90,10000,1.0,82,105,1
26,1703021120,0.340914,0.403002,0.0,0.8897225,0.0069488,3662,130,10000,1.0,70,146,1
27,166734177,0.394208,0.58277,0.0,0.9460084999999999,0.01056875,6499,57,10000,1.0,124,71,1
28,4146631359,0.35673,0.45673,0.0,0.8519405,0.013388149999999998,4830,91,10000,1.0,129,106,1
29,3282191180,0.378834,0.458,0.0,0.8559725,0.01095485,5067,84,10000,1.0,112,99,1
30,3365681514,0.35514999999999997,0.587706,0.0,0.8189660000000001,0.01786625,6064,66,10000,1.0,178,80,1
31,926065068,0.300168,0.546456,0.0,0.8122055,0.015552050000000001,4816,103,10000,1.0,150,118,1
32,1913880867,0.38226,0.597854,0.0,0.8223170000000001,0.0144029,6378,60,10000,1.0,123,75,1
33,927480505,0.411378,0.439506,0.0,0.8622935,0.015559549999999998,5166,83,10000,1.0,146,98,1
34,3980975136,0.462472,0.426968,0.0,0.9470675,0.013106900000000001,5689,74,10000,1.0,120,89,1
35,783349456,0.343806,0.47526,0.0,0.914978,0.017732,4885,105,10000,1.0,151,120,1
36,1579461358,0.363782,0.475788,0.0,0.8354315,0.0190865,5040,88,10000,1.0,177,103,1
37,2549513793,0.398908,0.527834,0.0,0.8183015,0.00698075,5988,69,10000,1.0,72,84,1
38,1665809286,0.433596,0.512516,0.0,0.9101945,0.0106889,6425,62,10000,1.0,100,76,1
39,3743578332,0.32095399999999996,0.43486600000000003,0.0,0.8026595000000001,0.01958825,3695,125,10000,1.0,179,140,1
40,1105572014,0.37068999999999996,0.521484,0.0,0.9316835,0.00871115,5614,72,10000,1.0,89,87,1
41,669159788,0.447208,0.509194,0.0,0.8349035,0.0071163500000000005,6480,60,10000,1.0,74,74,1
42,2270635571,0.41254599999999997,0.57635,0.0,0.921821,0.0071417,6568,60,10000,1.0,72,74,1
43,1217881015,0.495876,0.571968,0.0,0.943082,0.01786265,7224,51,10000,1.0,183,66,1
44,785367364,0.352834,0.445932,0.0,0.858113,0.0116312,4444,100,10000,1.0,117,115,1
45,1460521782,0.49951,0.401766,0.0,0.855473,0.0173285,5853,72,10000,1.0,165,87,1
46,961225791,0.42487600000000003,0.538848,0.0,0.8404400000000001,0.00772535,6440,63,10000,1.0,87,78,1
47,1338985755,0.38306,0.55139,0.0,0.8484725,0.015848749999999998,6157,68,10000,1.0,156,83,1
48,4013542117,0.344978,0.586306,0.0,0.8398595,0.0124148,5959,69,10000,1.0,131,84,1
49,2490531207,0.430034,0.401982,0.0,0.8204480000000001,0.0165074,4972,85,10000,1.0,162,100,1
50,2396532717,0.361446,0.40945000000000004,0.0,0.8953249999999999,0.0185156,4058,104,10000,1.0,191,119,1
51,3888209065,0.319276,0.443148,0.0,0.8228420000000001,0.01029905,3893,134,10000,1.0,104,150,1
52,885536079,0.478558,0.566344,0.0,0.8291885,0.00610295,7094,52,10000,1.0,61,67,1
53,2738485528,0.489818,0.502618,0.0,0.8017115,0.0077207000000000005,6674,55,10000,1.0,72,70,1
54,1328741392,0.337512,0.49223,0.0,0.8350745,0.01177145,4930,93,10000,1.0,131,108,1
55,3044282569,0.366908,0.501512,0.0,0.8262875000000001,0.0159965,5400,75,10000,1.0,166,90,1
56,1446697927,0.405798,0.462252,0.0,0.874229,0.01868195,5399,81,10000,1.0,199,96,1
57,839406867,0.380944,0.523862,0.0,0.860609,0.0166718,5846,72,10000,1.0,177,86,1
58,573061498,0.422102,0.563444,0.0,0.9150095,0.011403650000000001,6584,59,10000,1.0,119,74,1
59,121186133,0.343208,0.565446,0.0,0.93653,0.01906895,5695,74,10000,1.0,172,88,1
60,730783764,0.351502,0.43870000000000003,0.0,0.9315709999999999,0.0172187,4337,100,10000,1.0,175,115,1
61,3970092423,0.33810399999999996,0.41811000000000004,0.0,0.8740924999999999,0.012994849999999999,3818,151,10000,1.0,162,166,1
62,1843200009,0.474646,0.40874,0.0,0.8969345,0.01549685,5662,80,10000,1.0,163,95,1
63,1422377435,0.312658,0.423246,0.0,0.839582,0.014327300000000001,3234,146,10000,1.0,150,161,1
64,2331343348,0.30180999999999997,0.566068,0.0,0.814874,0.00646055,4924,90,10000,1.0,56,105,1
65,916972043,0.495388,0.42561000000000004,0.0,0.8511110000000001,0.01039895,6066,75,10000,1.0,100,90,1
66,2636690192,0.483912,0.452368,0.0,0.8909165,0.01308875,6311,64,10000,1.0,118,79,1
67,3348652454,0.424444,0.415868,0.0,0.8315555,0.01949375,5173,86,10000,1.0,199,101,1
68,238271936,0.320636,0.40129800000000004,0.0,0.9255365,0.01851605,3070,146,10000,1.0,202,160,1
69,3739906801,0.338804,0.497742,0.0,0.842417,0.01170065,4814,99,10000,1.0,137,114,1
70,2586560277,0.489866,0.44480600000000003,0.0,0.8494145,0.015304700000000001,6195,66,10000,1.0,146,81,1
71,2607861202,0.334902,0.464598,0.0,0.8245175,0.0118808,4588,97,10000,1.0,124,112,1
72,4241164538,0.469322,0.51036,0.0,0.8136155,0.01403345,6554,57,10000,1.0,128,72,1
73,2015624060,0.346538,0.534818,0.0,0.8614580000000001,0.01578365,5435,80,10000,1.0,156,95,1
74,1908115222,0.484318,0.455834,0.0,0.938564,0.0167015,6234,60,10000,1.0,169,74,1
75,1865497795,0.386864,0.437742,0.0,0.897767,0.015375799999999998,5029,89,10000,1.0,155,104,1
76,2983316791,0.479862,0.5793699999999999,0.0,0.8943215,0.0172631,7177,51,10000,1.0,182,66,1
77,820749476,0.43750999999999995,0.401496,0.0,0.888782,0.0082796,5231,84,10000,1.0,85,99,1
78,1254010690,0.324524,0.483292,0.0,0.8335835,0.007236950000000001,4605,96,10000,1.0,71,111,1
79,3910227712,0.395294,0.480488,0.0,0.866972,0.014307049999999998,5601,76,10000,1.0,142,91,1
80,2753913681,0.33344799999999997,0.41594000000000003,0.0,0.8252255000000001,0.0136334,3732,112,10000,1.0,141,127,1
81,3166965025,0.343626,0.437244,0.0,0.9285905,0.0061577,4198,115,10000,1.0,73,130,1
82,3250463925,0.38389799999999996,0.560642,0.0,0.9039125,0.0123185,6181,63,10000,1.0,117,77,1
83,3775262416,0.369686,0.577774,0.0,0.89969,0.01800245,6157,69,10000,1.0,184,85,1
84,1684603579,0.38837,0.540252,0.0,0.8242010000000001,0.0125354,6003,70,10000,1.0,137,86,1
85,4155973766,0.491232,0.554848,0.0,0.8453405,0.013865599999999999,7105,49,10000,1.0,130,64,1
86,1670190126,0.394632,0.449032,0.0,0.876659,0.0112991,5301,88,10000,1.0,113,103,1
87,3676142049,0.30192399999999997,0.479524,0.0,0.9335899999999999,0.0170567,3987,133,10000,1.0,174,148,1
88,2864981068,0.420528,0.453488,0.0,0.8309045,0.01024235,5542,73,10000,1.0,117,88,1
89,3360718560,0.474176,0.46488,0.0,0.890777,0.012168499999999999,6214,62,10000,1.0,132,78,1
90,4147644811,0.309886,0.439172,0.0,0.898451,0.0068162,3403,134,10000,1.0,62,149,1
91,2191003950,0.32694599999999996,0.4062,0.0,0.8886815,0.015423949999999999,3289,139,10000,1.0,156,154,1
92,4252257606,0.498408,0.517322,0.0,0.823238,0.00679025,6844,57,10000,1.0,59,71,1
93,1499793877,0.498658,0.578234,0.0,0.8912585,0.00516875,7296,48,10000,1.0,56,63,1
94,663378767,0.357464,0.434956,0.0,0.926603,0.01563725,4486,99,10000,1.0,160,114,1
95,3704644611,0.34934,0.417562,0.0,0.823244,0.014550649999999998,4004,119,10000,1.0,158,134,1
96,464450539,0.33394599999999997,0.579588,0.0,0.914984,0.0054443,5701,68,10000,1.0,57,83,1
97,3731646215,0.456774,0.447212,0.0,0.861317,0.0141248,5857,72,10000,1.0,144,86,1
98,2465045360,0.40966199999999997,0.5457259999999999,0.0,0.904736,0.01536545,6414,63,10000,1.0,158,78,1
99,2376708106,0.346224,0.437332,0.0,0.887105,0.013942549999999998,4348,104,10000,1.0,156,119,1
100,1240626669,0.322558,0.463748,0.0,0.8607815,0.01639055,4151,109,10000,1.0,151,124,1
101,3802393955,0.348444,0.52617,0.0,0.895988,0.0069746,5524,79,10000,1.0,65,94,1
102,2194870258,0.406356,0.5447759999999999,0.0,0.8394275,0.01278605,6366,61,10000,1.0,131,76,1
103,1845353181,0.368054,0.57023,0.0,0.8373275,0.007774400000000001,5991,67,10000,1.0,91,82,1
104,1462399358,0.431338,0.444282,0.0,0.861509,0.0180845,5679,74,10000,1.0,161,88,1
105,1228998317,0.40335,0.40194,0.0,0.8108975,0.012768950000000001,4631,97,10000,1.0,150,112,1
106,3751754517,0.461022,0.5877,0.0,0.901016,0.0108848,7019,52,10000,1.0,108,66,1
107,3961983281,0.39457,0.47578,0.0,0.878969,0.0051581000000000005,5446,79,10000,1.0,41,93,1
108,576882705,0.40571,0.535918,0.0,0.9444889999999999,0.0193454,6285,70,10000,1.0,206,85,1
109,3897636979,0.481468,0.502634,0.0,0.8400005,0.01873115,6627,57,10000,1.0,214,72,1
110,539897043,0.42909600000000003,0.575828,0.0,0.8247875,0.0081824,6716,58,10000,1.0,78,73,1
111,2162099843,0.355582,0.539484,0.0,0.8885284999999999,0.015027949999999998,5657,72,10000,1.0,132,87,1
112,81784341,0.491184,0.58773,0.0,0.914003,0.0061151,7246,48,10000,1.0,65,63,1
113,939457007,0.315862,0.404482,0.0,0.9493459999999999,0.00759575,2952,185,10000,1.0,72,201,1
114,2619978490,0.351778,0.59363,0.0,0.819485,0.0056957,6046,68,10000,1.0,59,83,1
115,2081771079,0.43409,0.470344,0.0,0.900332,0.0190151,5979,66,10000,1.0,197,81,1
116,1438310656,0.304352,0.450422,0.0,0.830381,0.01693805,3596,132,10000,1.0,193,147,1
117,2669901518,0.30991199999999997,0.51522,0.0,0.830252,0.015409550000000001,4584,102,10000,1.0,150,117,1
118,2056249941,0.478296,0.408774,0.0,0.9329345,0.0139625,5766,72,10000,1.0,126,87,1
119,3780620046,0.442188,0.42044600000000004,0.0,0.8985635,0.0122516,5410,77,10000,1.0,134,91,1
120,3166368533,0.309242,0.423186,0.0,0.9336709999999999,0.00929225,3272,140,10000,1.0,102,155,1
121,1015005522,0.317932,0.55708,0.0,0.8706245,0.0086753,5160,89,10000,1.0,93,104,1
122,2977606072,0.43926,0.436352,0.0,0.884705,0.00944675,5569,73,10000,1.0,104,87,1
123,3221408889,0.313954,0.528212,0.0,0.9272975,0.01063505,4876,96,10000,1.0,113,111,1
124,1671370688,0.300566,0.532714,0.0,0.8939045,0.00737225,4698,82,10000,1.0,77,97,1
125,722805650,0.364012,0.442958,0.0,0.8135060000000001,0.0054944,4592,99,10000,1.0,52,114,1
126,3453015754,0.474488,0.46684000000000003,0.0,0.846611,0.0194831,6307,68,10000,1.0,198,83,1
127,3030846698,0.346026,0.483922,0.0,0.8086985,0.0060182,4936,93,10000,1.0,70,108,1
128,2835470456,0.43866799999999995,0.529354,0.0,0.8891015,0.00808115,6476,61,10000,1.0,78,76,1
129,4000240923,0.362974,0.510914,0.0,0.860237,0.0125795,5484,76,10000,1.0,133,91,1
130,2450261526,0.307512,0.464258,0.0,0.9334024999999999,0.0075438499999999995,4071,119,10000,1.0,78,134,1
131,3015774919,0.325118,0.46332,0.0,0.8857415,0.01879775,4250,101,10000,1.0,197,116,1
132,2588230629,0.35966,0.487914,0.0,0.903539,0.0190037,5132,86,10000,1.0,186,101,1
133,1135822745,0.319534,0.561612,0.0,0.8008430000000001,0.015975800000000002,5200,112,10000,1.0,162,127,1
134,1535335584,0.35362,0.50728,0.0,0.8659654999999999,0.0120533,5241,95,10000,1.0,109,110,1
135,3549522905,0.390608,0.45901400000000003,0.0,0.8487635,0.0161051,5237,81,10000,1.0,171,96,1
136,1689173166,0.379278,0.48948,0.0,0.899867,0.005747,5427,83,10000,1.0,70,98,1
137,570807423,0.307654,0.545552,0.0,0.815261,0.0124541,4860,84,10000,1.0,112,99,1
138,297360550,0.30779,0.554912,0.0,0.8890775,0.010254949999999999,5104,85,10000,1.0,99,100,1
139,2982670908,0.41715599999999997,0.57538,0.0,0.8581025,0.013873550000000002,6648,59,10000,1.0,144,73,1
140,243814910,0.35924,0.523698,0.0,0.888608,0.0055962500000000005,5553,75,10000,1.0,58,90,1
141,986826657,0.36042799999999997,0.526374,0.0,0.8439605,0.0131048,5523,71,10000,1.0,133,86,1
142,30481651,0.39477799999999996,0.55853,0.0,0.892223,0.00884945,6199,61,10000,1.0,91,76,1
143,4029389998,0.321926,0.481618,0.0,0.8341580000000001,0.011569099999999999,4364,120,10000,1.0,117,135,1
144,1060410801,0.303148,0.509796,0.0,0.933881,0.01434575,4380,110,10000,1.0,146,125,1
145,2147319670,0.337198,0.471312,0.0,0.8447315,0.0062009000000000005,4432,133,10000,1.0,62,148,1
146,1766786146,0.399032,0.591788,0.0,0.8199245000000001,0.010769,6557,59,10000,1.0,116,74,1
147,3960940216,0.34609599999999996,0.491218,0.0,0.8076125000000001,0.0107507,4901,96,10000,1.0,120,111,1
148,124009077,0.350968,0.495374,0.0,0.8057375,0.0179225,5211,83,10000,1.0,191,98,1
149,3557741633,0.428206,0.573906,0.0,0.9152075,0.014511649999999997,6787,59,10000,1.0,139,74,1
150,3200995304,0.44706999999999997,0.524216,0.0,0.8175125000000001,0.0165965,6429,60,10000,1.0,165,74,1
151,1496059430,0.43985799999999997,0.497494,0.0,0.9427654999999999,0.00641495,6252,68,10000,1.0,67,82,1
152,2511398708,0.480166,0.58403,0.0,0.828344,0.006014,7174,49,10000,1.0,56,64,1
153,2034757895,0.41937800000000003,0.510122,0.0,0.867101,0.00692165,6096,65,10000,1.0,88,80,1
154,3877833818,0.32884599999999997,0.449668,0.0,0.8319380000000001,0.009676549999999999,4032,107,10000,1.0,88,122,1
155,1544636884,0.301898,0.493462,0.0,0.9146015,0.00610385,4046,109,10000,1.0,54,125,1
156,3798816464,0.45538,0.545462,0.0,0.938603,0.0063902,6788,56,10000,1.0,69,71,1
157,1786603393,0.443468,0.575402,0.0,0.8898665,0.017479249999999998,6867,58,10000,1.0,174,72,1
158,2847769305,0.328424,0.51165,0.0,0.843329,0.00609935,4963,88,10000,1.0,60,103,1
159,3551270033,0.411348,0.47658,0.0,0.8981645,0.0140051,5752,71,10000,1.0,154,85,1
160,4078588732,0.339682,0.564632,0.0,0.8851655,0.01360745,5595,78,10000,1.0,129,93,1
161,3322000990,0.456532,0.589486,0.0,0.9300364999999999,0.012352100000000001,7017,52,10000,1.0,127,67,1
162,2269261351,0.496086,0.590718,0.0,0.827267,0.0182306,7313,51,10000,1.0,168,66,1
163,300576264,0.359342,0.42841,0.0,0.8959895,0.0083894,4283,105,10000,1.0,80,119,1
164,2144451461,0.420926,0.400196,0.0,0.893654,0.01341995,4916,80,10000,1.0,140,95,1
165,2221340053,0.493016,0.558696,0.0,0.932021,0.016049,7070,49,10000,1.0,163,64,1
166,981068999,0.481562,0.47455,0.0,0.9076625,0.0163934,6450,59,10000,1.0,165,74,1
167,3002430712,0.409156,0.499716,0.0,0.878378,0.0082652,5901,70,10000,1.0,94,85,1
168,702470915,0.408832,0.43734,0.0,0.81479,0.00942215,5255,75,10000,1.0,84,89,1
169,1693802903,0.43244,0.40500400000000003,0.0,0.905696,0.013139600000000001,5118,90,10000,1.0,135,105,1
170,1472625235,0.444028,0.55348,0.0,0.8322275,0.017733199999999998,6622,59,10000,1.0,169,73,1
171,1497979341,0.453092,0.52879,0.0,0.811979,0.01990625,6601,55,10000,1.0,195,70,1
172,3052271666,0.405696,0.537142,0.0,0.8769635,0.00970445,6206,63,10000,1.0,88,78,1
173,1844897926,0.481018,0.501708,0.0,0.854477,0.0063317,6692,59,10000,1.0,75,74,1
174,3047571854,0.320986,0.40835000000000005,0.0,0.8828585,0.0079667,3249,155,10000,1.0,71,170,1
175,1580515162,0.444642,0.473896,0.0,0.8346020000000001,0.016211,6080,69,10000,1.0,152,84,1
176,1425856819,0.4014,0.469096,0.0,0.862274,0.014834449999999999,5605,72,10000,1.0,173,88,1
177,3218516605,0.33161599999999997,0.518468,0.0,0.8008685000000001,0.01522685,5121,84,10000,1.0,152,99,1
178,2244743106,0.475014,0.5633779999999999,0.0,0.9280085,0.01834775,7041,52,10000,1.0,190,67,1
179,1153090224,0.330214,0.43364800000000003,0.0,0.8489945,0.017628949999999997,3694,129,10000,1.0,195,144,1
180,345260164,0.430122,0.422846,0.0,0.8348915,0.01762145,5311,88,10000,1.0,181,103,1
181,498785329,0.44018599999999997,0.525406,0.0,0.937496,0.0054824,6458,68,10000,1.0,46,84,1
182,1448449817,0.395642,0.466082,0.0,0.8144195000000001,0.01226675,5332,80,10000,1.0,134,96,1
183,3336910835,0.325856,0.405386,0.0,0.8217650000000001,0.0063678499999999996,3291,127,10000,1.0,58,143,1
184,3897663679,0.350998,0.46074000000000004,0.0,0.890546,0.01346735,4629,90,10000,1.0,130,105,1
185,569490189,0.408208,0.528872,0.0,0.9329014999999999,0.01223525,6267,63,10000,1.0,131,77,1
186,1517290881,0.49993,0.40661,0.0,0.8166185,0.0168392,5926,76,10000,1.0,166,91,1
187,2745031115,0.44144399999999995,0.579838,0.0,0.9282349999999999,0.0058124000000000006,6783,58,10000,1.0,49,73,1
188,401209175,0.465124,0.413816,0.0,0.8444135,0.017426149999999998,5562,72,10000,1.0,191,87,1
189,2348646109,0.447214,0.480152,0.0,0.864737,0.012051349999999999,6163,65,10000,1.0,118,80,1
190,1447796636,0.367266,0.470874,0.0,0.9063844999999999,0.010815950000000001,5028,98,10000,1.0,101,112,1
191,2692131639,0.377382,0.450166,0.0,0.874226,0.00869855,4954,88,10000,1.0,87,103,1
192,3567342815,0.420482,0.445388,0.0,0.8951195,0.012077000000000001,5623,73,10000,1.0,117,88,1
193,1083259736,0.335192,0.5966899999999999,0.0,0.8646725,0.017397199999999998,5753,67,10000,1.0,173,82,1
194,4131243704,0.452122,0.40762400000000004,0.0,0.841745,0.0157331,5417,79,10000,1.0,173,94,1
195,388803871,0.32399,0.457658,0.0,0.8036000000000001,0.009425900000000001,4015,110,10000,1.0,91,125,1
196,182703479,0.382558,0.546456,0.0,0.8749325,0.00971525,5997,63,10000,1.0,94,77,1
197,481007262,0.453584,0.40256000000000003,0.0,0.87251,0.0087248,5416,83,10000,1.0,85,98,1
198,2627852967,0.306312,0.536148,0.0,0.897782,0.008966749999999999,4640,103,10000,1.0,87,118,1
199,3284943216,0.49048,0.463414,0.0,0.911708,0.0129674,6310,62,10000,1.0,145,76,1
200,2412260398,0.421634,0.586248,0.0,0.8345465000000001,0.014007200000000001,6846,53,10000,1.0,150,68,1
201,1277913226,0.421692,0.485722,0.0,0.836396,0.01802315,5958,67,10000,1.0,176,82,1
202,928458561,0.420974,0.511854,0.0,0.874109,0.00539255,6227,69,10000,1.0,51,83,1
203,3152455341,0.49097599999999997,0.44322,0.0,0.8127635000000001,0.009204500000000001,6206,62,10000,1.0,91,77,1
204,27558216,0.397912,0.44618800000000003,0.0,0.9012709999999999,0.012085249999999999,5209,82,10000,1.0,136,96,1
205,397569631,0.362302,0.544962,0.0,0.890546,0.01338125,5740,79,10000,1.0,129,93,1
206,3453687806,0.365564,0.596198,0.0,0.8350235,0.01920515,6248,64,10000,1.0,179,79,1
207,3299910999,0.450606,0.518262,0.0,0.9015664999999999,0.01781375,6520,60,10000,1.0,182,75,1
208,2691792541,0.49373,0.557094,0.0,0.8478785,0.01807235,7106,51,10000,1.0,172,66,1
209,1667900659,0.336934,0.5936079999999999,0.0,0.9144275,0.01874255,5916,67,10000,1.0,187,82,1
210,2440522493,0.430338,0.471828,0.0,0.8420315,0.00937715,5867,71,10000,1.0,93,86,1
211,220301049,0.38846,0.578452,0.0,0.9361984999999999,0.00640115,6424,59,10000,1.0,74,73,1
212,511540069,0.466276,0.51374,0.0,0.8059355,0.0180314,6620,60,10000,1.0,166,74,1
213,1274126945,0.345214,0.49718799999999996,0.0,0.9319565,0.0100892,4953,93,10000,1.0,85,108,1
214,1977531219,0.351942,0.513926,0.0,0.9303064999999999,0.012948500000000002,5355,81,10000,1.0,120,96,1
215,3299489671,0.393268,0.511068,0.0,0.8968535,0.01938185,5836,66,10000,1.0,202,81,1
216,3769647598,0.362416,0.551114,0.0,0.8760485,0.00689495,5844,71,10000,1.0,56,86,1
217,598318566,0.309702,0.596362,0.0,0.8956445,0.0052859000000000005,5432,78,10000,1.0,45,93,1
218,2442554807,0.355982,0.578186,0.0,0.823832,0.019969999999999998,5904,69,10000,1.0,189,84,1
219,2634716914,0.334176,0.503504,0.0,0.8038430000000001,0.01002575,4926,89,10000,1.0,100,104,1
220,3093331645,0.384598,0.475706,0.0,0.9080015,0.017926849999999998,5363,80,10000,1.0,166,95,1
221,660805825,0.32748,0.529568,0.0,0.9322235,0.015244249999999997,5042,92,10000,1.0,162,107,1
222,2955193841,0.456356,0.488872,0.0,0.8331725,0.013604749999999999,6358,60,10000,1.0,148,75,1
223,1450718259,0.423684,0.512172,0.0,0.8862875,0.01302725,6184,64,10000,1.0,145,79,1
224,651382807,0.344782,0.48720600000000003,0.0,0.9498829999999999,0.0070942999999999996,4768,96,10000,1.0,73,111,1
225,1758122389,0.467022,0.515716,0.0,0.8500340000000001,0.015178999999999998,6771,54,10000,1.0,141,69,1
226,30630879,0.361512,0.466824,0.0,0.8739605,0.015250099999999999,4945,88,10000,1.0,143,103,1
227,1455976898,0.423346,0.58356,0.0,0.842099,0.01985645,6674,53,10000,1.0,209,68,1
228,114141811,0.33438999999999997,0.459762,0.0,0.906419,0.0052412,4472,106,10000,1.0,52,121,1
229,3233807543,0.339644,0.44836200000000004,0.0,0.9442849999999999,0.01862615,4248,106,10000,1.0,168,121,1
230,3756795394,0.381846,0.492424,0.0,0.893147,0.0173357,5440,72,10000,1.0,172,87,1
231,3473732476,0.437666,0.40428800000000004,0.0,0.8109125,0.0072515,5222,95,10000,1.0,82,109,1
232,1461621660,0.351588,0.41693,0.0,0.9284494999999999,0.0109484,4100,114,10000,1.0,92,129,1
233,2032596036,0.452638,0.55991,0.0,0.8425325,0.0057584,6790,53,10000,1.0,71,68,1
234,3278131976,0.347962,0.440728,0.0,0.858887,0.018463999999999998,4325,117,10000,1.0,199,132,1
235,1581522037,0.488012,0.5446059999999999,0.0,0.8126150000000001,0.01941035,6926,56,10000,1.0,198,70,1
236,1446803624,0.398424,0.485424,0.0,0.8020535000000001,0.01094255,5738,81,10000,1.0,103,96,1
237,1969818503,0.33558,0.43776000000000004,0.0,0.822665,0.013402399999999998,4018,127,10000,1.0,145,142,1
238,336104152,0.343188,0.47039,0.0,0.9413225,0.0168158,4660,104,10000,1.0,176,119,1
239,530371609,0.30808199999999997,0.430106,0.0,0.8322275,0.017908399999999998,3110,170,10000,1.0,178,185,1
240,1986967513,0.36367,0.592924,0.0,0.8270375,0.006189200000000001,6209,61,10000,1.0,55,76,1
241,2612594639,0.425902,0.57621,0.0,0.9199189999999999,0.01253735,6585,61,10000,1.0,104,77,1
242,2695831441,0.35083,0.444518,0.0,0.9079189999999999,0.01159985,4538,110,10000,1.0,108,125,1
243,3855197569,0.382198,0.446974,0.0,0.8805665,0.0072626,4985,90,10000,1.0,77,105,1
244,2040551618,0.49366,0.408204,0.0,0.8026835,0.0052169,5814,66,10000,1.0,55,81,1
245,3442629305,0.415784,0.460646,0.0,0.9071089999999999,0.0075353,5590,75,10000,1.0,66,90,1
246,295715777,0.420636,0.534124,0.0,0.811196,0.014662249999999998,6277,64,10000,1.0,142,79,1
247,3011885092,0.42274,0.472374,0.0,0.8468075,0.01213685,5742,71,10000,1.0,131,85,1
248,3462505606,0.43752199999999997,0.528288,0.0,0.8217215,0.00672125,6504,55,10000,1.0,80,70,1
249,2816834334,0.343804,0.442666,0.0,0.8124365,0.01575155,4359,95,10000,1.0,167,110,1
250,2967179207,0.44789199999999996,0.453482,0.0,0.9371855,0.01399475,5967,70,10000,1.0,162,85,1
251,3994440743,0.388206,0.477988,0.0,0.922454,0.008694799999999999,5370,85,10000,1.0,90,100,1
252,4217841308,0.474444,0.555006,0.0,0.9312334999999999,0.01677605,6971,53,10000,1.0,157,68,1
253,3593333522,0.37279799999999996,0.44222,0.0,0.8232050000000001,0.01554245,4835,85,10000,1.0,149,99,1
254,3375646666,0.35892,0.549072,0.0,0.925883,0.0112892,5812,79,10000,1.0,121,94,1
255,963010441,0.353964,0.433746,0.0,0.879053,0.00782915,4255,105,10000,1.0,86,120,1
256,3098537136,0.464734,0.40235000000000004,0.0,0.81194,0.019526,5576,72,10000,1.0,192,87,1
257,3908508680,0.35229,0.54552,0.0,0.8193425000000001,0.01694675,5662,81,10000,1.0,165,96,1
258,3559765998,0.33772,0.479418,0.0,0.8605430000000001,0.0140003,4645,110,10000,1.0,148,125,1
259,2109547554,0.402152,0.443436,0.0,0.924674,0.00922355,5199,85,10000,1.0,80,100,1
260,3922698808,0.436,0.55307,0.0,0.8148965,0.00952775,6662,58,10000,1.0,105,73,1
261,2238854830,0.47188399999999997,0.40267400000000003,0.0,0.84116,0.01429145,5496,73,10000,1.0,145,88,1
262,3206898882,0.436268,0.474722,0.0,0.8180270000000001,0.009652999999999998,5988,69,10000,1.0,95,84,1
263,865425053,0.46316999999999997,0.41044400000000003,0.0,0.8146025,0.017531599999999998,5574,80,10000,1.0,185,94,1
264,2892681854,0.321898,0.571124,0.0,0.89549,0.012981949999999999,5256,80,10000,1.0,125,96,1
265,4111614046,0.3478,0.42973,0.0,0.901262,0.0051053,4099,159,10000,1.0,52,174,1
266,391950566,0.42584599999999995,0.474522,0.0,0.8356295,0.0100406,5825,73,10000,1.0,111,88,1
267,125321256,0.4586,0.410548,0.0,0.8204375,0.01833725,5500,73,10000,1.0,165,88,1
268,1334764678,0.40533399999999997,0.436002,0.0,0.8588585,0.00996965,5207,76,10000,1.0,98,91,1
269,883381730,0.49392,0.45318800000000004,0.0,0.8035565,0.00736355,6388,63,10000,1.0,63,78,1
270,4292953621,0.466286,0.47485,0.0,0.910586,0.0191369,6327,58,10000,1.0,175,73,1
271,2285065453,0.479704,0.502002,0.0,0.8906435,0.01399025,6563,61,10000,1.0,153,75,1
272,1786148178,0.35953199999999996,0.43251,0.0,0.829115,0.0109163,4394,128,10000,1.0,116,143,1
273,4162124276,0.420246,0.437782,0.0,0.924644,0.01961165,5310,78,10000,1.0,208,93,1
274,2722930790,0.43452599999999997,0.442072,0.0,0.8206955,0.007339399999999999,5540,73,10000,1.0,69,88,1
275,1383674521,0.431006,0.41873000000000005,0.0,0.8056205000000001,0.010452949999999999,5296,88,10000,1.0,102,103,1
276,1903937531,0.46946,0.595158,0.0,0.9477559999999999,0.0153983,7126,48,10000,1.0,146,62,1
277,2544580125,0.387906,0.4751,0.0,0.8993075,0.0182453,5408,78,10000,1.0,201,93,1
278,22107150,0.48314,0.40411800000000003,0.0,0.8032235000000001,0.0187172,5714,87,10000,1.0,189,102,1
279,4098400694,0.374474,0.474366,0.0,0.8603825,0.016205149999999998,5319,83,10000,1.0,171,98,1
280,1541594034,0.449118,0.503098,0.0,0.87725,0.008317100000000001,6301,62,10000,1.0,70,77,1
281,4168896261,0.320092,0.545208,0.0,0.815849,0.0121208,5072,88,10000,1.0,127,103,1
282,1749939663,0.419958,0.504216,0.0,0.88307,0.0185456,6049,69,10000,1.0,177,84,1
283,2194635536,0.41294,0.510944,0.0,0.9061115,0.0083918,6043,70,10000,1.0,74,84,1
284,1291166859,0.31722,0.5687599999999999,0.0,0.8857115,0.0058331,5423,80,10000,1.0,60,95,1
285,1987996753,0.340562,0.581574,0.0,0.935705,0.0171563,5757,74,10000,1.0,170,88,1
286,1798418103,0.407374,0.511664,0.0,0.8341385,0.0108839,6059,69,10000,1.0,99,83,1
287,391719555,0.32007199999999997,0.561022,0.0,0.807473,0.00949055,5329,81,10000,1.0,99,96,1
288,2816770150,0.368872,0.496574,0.0,0.833672,0.0086972,5400,79,10000,1.0,84,94,1
289,2075163655,0.48945,0.42337800000000003,0.0,0.9266555,0.01681355,5920,68,10000,1.0,189,83,1
290,325126326,0.446566,0.44008800000000003,0.0,0.907706,0.0076260500000000005,5761,71,10000,1.0,68,86,1
291,1093380609,0.408972,0.454258,0.0,0.8554175,0.007701950000000001,5494,79,10000,1.0,81,93,1
292,2948974236,0.37175199999999997,0.570606,0.0,0.8069975,0.015567649999999999,6136,63,10000,1.0,168,77,1
293,1793978902,0.32275,0.46266,0.0,0.820853,0.01571465,4174,108,10000,1.0,150,123,1
294,3202966745,0.45442,0.548514,0.0,0.904727,0.0151817,6866,55,10000,1.0,170,70,1
295,82869783,0.42432000000000003,0.522984,0.0,0.9317405,0.013131649999999998,6361,64,10000,1.0,150,79,1
296,1119121129,0.369172,0.47051,0.0,0.931472,0.0082628,5097,86,10000,1.0,78,102,1
297,250284979,0.45743,0.44753,0.0,0.8048435,0.0157052,5955,68,10000,1.0,154,82,1
298,2692919738,0.463318,0.55949,0.0,0.8083685,0.01456775,6899,51,10000,1.0,132,66,1
299,2743121078,0.39355,0.47033800000000003,0.0,0.83396,0.01763855,5484,88,10000,1.0,187,103,1
300,2496466517,0.478794,0.594864,0.0,0.9114605,0.0141734,7142,53,10000,1.0,146,67,1
301,438721802,0.487052,0.51583,0.0,0.8635055,0.0194621,6879,56,10000,1.0,182,70,1
302,2053696695,0.374958,0.403656,0.0,0.9497045,0.009360799999999999,4216,102,10000,1.0,92,117,1
303,700139417,0.49329,0.507926,0.0,0.8773265,0.0132164,6730,55,10000,1.0,139,70,1
304,1629688829,0.319442,0.42265400000000003,0.0,0.902222,0.013604149999999999,3459,128,10000,1.0,143,144,1
305,3602794080,0.465242,0.488448,0.0,0.894701,0.0108422,6466,65,10000,1.0,100,79,1
306,2392659792,0.369148,0.433512,0.0,0.803984,0.006045200000000001,4637,92,10000,1.0,63,108,1
307,4219163433,0.352994,0.49811,0.0,0.8206505000000001,0.012291799999999999,5259,83,10000,1.0,94,98,1
308,985588736,0.40857,0.50724,0.0,0.943454,0.019460599999999998,6031,65,10000,1.0,192,80,1
309,3159215825,0.499372,0.513844,0.0,0.895184,0.0162872,6874,51,10000,1.0,170,66,1
310,506833004,0.41938200000000003,0.41006800000000004,0.0,0.889874,0.0180971,5013,102,10000,1.0,196,117,1
311,3233554173,0.30081199999999997,0.525766,0.0,0.8187905,0.0102902,4577,97,10000,1.0,101,112,1
312,1872596894,0.441472,0.439454,0.0,0.8747,0.014536549999999999,5754,69,10000,1.0,154,84,1
313,2841303578,0.366784,0.554966,0.0,0.885854,0.0079379,5831,74,10000,1.0,69,88,1
314,906585129,0.400642,0.583966,0.0,0.8797159999999999,0.014848999999999998,6614,59,10000,1.0,130,73,1
315,1158959153,0.43374999999999997,0.425202,0.0,0.9124985,0.01984505,5337,82,10000,1.0,214,97,1
316,4294859251,0.372592,0.43805,0.0,0.8351915,0.00555875,4664,104,10000,1.0,46,119,1
317,3540396746,0.417594,0.46246,0.0,0.8126285000000001,0.0155573,5629,78,10000,1.0,147,93,1
318,513937672,0.305648,0.437634,0.0,0.888428,0.0105167,3392,160,10000,1.0,91,175,1
319,74595777,0.302098,0.42354800000000004,0.0,0.8366945,0.0158981,2915,182,10000,1.0,146,197,1
320,2513770433,0.313722,0.46151600000000004,0.0,0.92441,0.016292,3953,130,10000,1.0,160,145,1
321,1677808026,0.461758,0.491558,0.0,0.8727395,0.01587485,6480,60,10000,1.0,165,75,1
322,276312410,0.45624,0.445376,0.0,0.941282,0.0087734,5809,83,10000,1.0,101,98,1
323,1626507491,0.332388,0.555682,0.0,0.8164985,0.0071309,5484,75,10000,1.0,68,90,1
324,3660345224,0.48235,0.578498,0.0,0.925427,0.0194213,7158,50,10000,1.0,185,64,1
325,1685000159,0.327478,0.40009,0.0,0.8167595000000001,0.01536305,3289,148,10000,1.0,129,163,1
326,317043163,0.316678,0.576382,0.0,0.859808,0.016692949999999998,5413,85,10000,1.0,152,100,1
327,4084515084,0.494102,0.452648,0.0,0.8872865,0.00820235,6193,62,10000,1.0,77,77,1
328,1002210470,0.36724,0.478708,0.0,0.821624,0.01730945,5136,86,10000,1.0,160,101,1
329,3205687423,0.335492,0.496194,0.0,0.8465825,0.016460449999999998,4814,89,10000,1.0,171,104,1
330,3314919601,0.37463199999999997,0.46051,0.0,0.887081,0.014952650000000001,5118,85,10000,1.0,143,100,1
331,834034680,0.380122,0.406248,0.0,0.8846495,0.011183,4363,104,10000,1.0,137,119,1
332,579082189,0.488784,0.431962,0.0,0.9301729999999999,0.0174029,6003,75,10000,1.0,180,90,1
333,1139232832,0.437034,0.5077,0.0,0.8050700000000001,0.014799050000000001,6281,58,10000,1.0,157,73,1
334,147085444,0.411376,0.570012,0.0,0.8424485,0.0172829,6540,62,10000,1.0,188,77,1
335,3700296229,0.30413999999999997,0.49361,0.0,0.9283595,0.01636745,4158,107,10000,1.0,177,122,1
336,1226092976,0.40896,0.528382,0.0,0.9360649999999999,0.0166118,6118,68,10000,1.0,164,83,1
337,3506320970,0.387656,0.425648,0.0,0.9036664999999999,0.01688855,4741,91,10000,1.0,182,106,1
338,3257507199,0.311484,0.454818,0.0,0.8150510000000001,0.01929665,3786,148,10000,1.0,191,163,1
339,3676749565,0.390784,0.477242,0.0,0.9387725,0.01578245,5470,78,10000,1.0,154,93,1
340,3542832195,0.390428,0.541292,0.0,0.8833295,0.009272450000000002,6095,62,10000,1.0,99,77,1
341,3905893946,0.482988,0.50178,0.0,0.8267675,0.01718615,6560,56,10000,1.0,177,70,1
342,4252064869,0.35927,0.523004,0.0,0.9097415,0.01118345,5486,78,10000,1.0,112,93,1
343,3605299781,0.483342,0.591464,0.0,0.886463,0.0133706,7175,47,10000,1.0,106,61,1
344,3964118957,0.331854,0.446654,0.0,0.873611,0.0050310500000000005,3978,127,10000,1.0,46,142,1
345,3220293308,0.444728,0.44880200000000003,0.0,0.8141225000000001,0.009220550000000001,5796,73,10000,1.0,86,88,1
346,3792136670,0.301304,0.452198,0.0,0.8337680000000001,0.0167426,3611,148,10000,1.0,162,163,1
347,4016446105,0.434496,0.515424,0.0,0.8522195,0.01263935,6435,59,10000,1.0,136,73,1
348,1530664934,0.32927,0.599128,0.0,0.9425494999999999,0.0176507,5787,73,10000,1.0,179,87,1
349,2228750943,0.314698,0.483938,0.0,0.8144135,0.017924449999999998,4183,104,10000,1.0,162,119,1
350,2696995181,0.352882,0.564452,0.0,0.8217695,0.018242,5838,68,10000,1.0,169,83,1
351,4198708101,0.450282,0.5720959999999999,0.0,0.812531,0.01875035,6827,57,10000,1.0,182,71,1
352,3340356853,0.428384,0.56687,0.0,0.831248,0.01717775,6556,58,10000,1.0,175,73,1
353,1690901684,0.357546,0.50763,0.0,0.8180825,0.0195911,5384,78,10000,1.0,199,93,1
354,2385401462,0.372468,0.461552,0.0,0.804107,0.0055541,5007,80,10000,1.0,58,95,1
355,3607480969,0.348284,0.584288,0.0,0.834431,0.016428349999999998,5907,69,10000,1.0,162,84,1
356,3510273864,0.378388,0.49946599999999997,0.0,0.869273,0.0089615,5522,72,10000,1.0,87,87,1
357,1865640468,0.445516,0.433398,0.0,0.933164,0.01148165,5762,75,10000,1.0,114,90,1
358,451204224,0.40564,0.45058000000000004,0.0,0.848534,0.00563525,5460,72,10000,1.0,51,87,1
359,2889653438,0.387904,0.42438800000000004,0.0,0.9022715,0.01180475,4720,98,10000,1.0,113,113,1
360,1388679843,0.39594399999999996,0.52898,0.0,0.930218,0.01378685,6057,64,10000,1.0,117,79,1
361,42984927,0.32977,0.400546,0.0,0.8681465,0.0173327,3152,146,10000,1.0,168,162,1
362,2762746032,0.33326,0.51413,0.0,0.9056945,0.0124073,5076,89,10000,1.0,115,104,1
363,728274775,0.478546,0.488888,0.0,0.8333375000000001,0.009574550000000001,6526,62,10000,1.0,100,76,1
364,65218350,0.45318,0.43625800000000003,0.0,0.9463265,0.0056954,5810,73,10000,1.0,48,88,1
365,1414516692,0.422652,0.42583000000000004,0.0,0.8186990000000001,0.01476995,5248,79,10000,1.0,132,95,1
366,435309852,0.425152,0.57352,0.0,0.865055,0.01123925,6740,61,10000,1.0,126,76,1
367,1256522037,0.380248,0.40899800000000003,0.0,0.8245055,0.0077925500000000005,4331,108,10000,1.0,77,124,1
368,1568273840,0.413832,0.474702,0.0,0.946445,0.01525895,5672,79,10000,1.0,148,94,1
369,398460738,0.432438,0.496974,0.0,0.821963,0.00959465,6096,66,10000,1.0,100,80,1
370,1133556735,0.48,0.433832,0.0,0.8825465,0.012904249999999999,6058,69,10000,1.0,136,84,1
371,1352817986,0.326,0.437852,0.0,0.83708,0.019316,3850,125,10000,1.0,189,140,1
372,1302559231,0.345502,0.575668,0.0,0.917291,0.013842199999999999,5776,77,10000,1.0,169,92,1
373,978679624,0.479944,0.41277200000000003,0.0,0.9107689999999999,0.0191735,5712,75,10000,1.0,168,90,1
374,382232465,0.37112,0.404334,0.0,0.868244,0.01894955,4154,102,10000,1.0,179,117,1
375,2653572340,0.42739799999999994,0.5298959999999999,0.0,0.856073,0.013098349999999998,6421,60,10000,1.0,138,75,1
376,3260155007,0.344368,0.485822,0.0,0.8495195,0.0146324,4874,98,10000,1.0,140,112,1
377,1201112391,0.35169,0.505286,0.0,0.8648135,0.0165848,5056,83,10000,1.0,192,99,1
378,3258345798,0.3117,0.47217,0.0,0.9481655,0.01835615,3986,112,10000,1.0,166,127,1
379,1889644469,0.407286,0.487334,0.0,0.915812,0.00725045,5784,72,10000,1.0,78,87,1
380,4050850819,0.36058,0.535258,0.0,0.9245869999999999,0.01247645,5703,77,10000,1.0,140,91,1
381,29105539,0.33166999999999996,0.450594,0.0,0.9424235,0.0056258,4170,105,10000,1.0,55,121,1
382,867076906,0.499098,0.467764,0.0,0.903863,0.00684095,6537,56,10000,1.0,66,71,1
383,3179878575,0.479156,0.55857,0.0,0.8823905,0.01130255,7079,52,10000,1.0,110,67,1
384,1435024098,0.361646,0.413416,0.0,0.915353,0.0167702,4188,111,10000,1.0,173,127,1
385,1349070051,0.421738,0.474634,0.0,0.8470745000000001,0.01610885,5848,71,10000,1.0,163,86,1
386,614268026,0.36009,0.41122600000000004,0.0,0.902759,0.0190802,4208,112,10000,1.0,201,127,1
387,3421714543,0.302428,0.528466,0.0,0.834641,0.0051017,4669,104,10000,1.0,37,119,1
388,1828704897,0.35148,0.561768,0.0,0.8414795,0.0147383,5831,69,10000,1.0,172,84,1
389,1229838747,0.345488,0.43501,0.0,0.9105575,0.0163241,4197,101,10000,1.0,166,116,1
390,3067891474,0.304596,0.416488,0.0,0.806219,0.0094766,2954,144,10000,1.0,87,160,1
391,577036903,0.357672,0.403754,0.0,0.9219275,0.0158057,3908,129,10000,1.0,152,145,1
392,2829075204,0.33958,0.44224,0.0,0.8908834999999999,0.01306235,4138,124,10000,1.0,125,139,1
393,1301647315,0.462452,0.532726,0.0,0.9448399999999999,0.010183399999999999,6740,58,10000,1.0,101,73,1
394,4204473307,0.314198,0.550324,0.0,0.8087585,0.00777155,4968,90,10000,1.0,87,105,1
395,2553089591,0.360746,0.596246,0.0,0.82538,0.0176546,6175,65,10000,1.0,166,80,1
396,393241241,0.466692,0.490942,0.0,0.85034,0.015099350000000001,6436,59,10000,1.0,158,74,1
397,1622705768,0.458994,0.43764000000000003,0.0,0.8210495,0.0056177,5873,67,10000,1.0,53,82,1
398,4107460049,0.369476,0.5960559999999999,0.0,0.920321,0.00757475,6249,67,10000,1.0,76,82,1
399,433184448,0.484056,0.5444599999999999,0.0,0.9052295,0.0104873,6976,53,10000,1.0,106,67,1
400,4095408004,0.409618,0.424172,0.0,0.934169,0.01763075,5053,92,10000,1.0,164,107,1
401,592900831,0.378432,0.40373000000000003,0.0,0.9164705,0.01172045,4332,90,10000,1.0,109,105,1
402,3415409071,0.362232,0.51816,0.0,0.885824,0.0151922,5355,71,10000,1.0,142,87,1
403,3969986321,0.314086,0.44793,0.0,0.9475235,0.00695165,3716,116,10000,1.0,73,131,1
404,4161161909,0.426714,0.575708,0.0,0.8752925,0.0176153,6651,55,10000,1.0,167,70,1
405,1106643218,0.40023200000000003,0.568696,0.0,0.9435665,0.013528850000000002,6392,62,10000,1.0,122,77,1
406,3779027611,0.411778,0.45039,0.0,0.875066,0.00932375,5541,84,10000,1.0,94,98,1
407,3077760963,0.49347799999999997,0.578994,0.0,0.8986445,0.01547525,7272,51,10000,1.0,157,66,1
408,1117196015,0.35265,0.452876,0.0,0.822836,0.01541255,4609,90,10000,1.0,159,106,1
409,3973635122,0.334422,0.445738,0.0,0.850466,0.0181688,4109,124,10000,1.0,174,139,1
410,1693682594,0.30723,0.509146,0.0,0.845402,0.01480445,4580,97,10000,1.0,160,112,1
411,193899383,0.38251199999999996,0.475896,0.0,0.826805,0.013333400000000002,5431,77,10000,1.0,135,92,1
412,3780781211,0.33416599999999996,0.474908,0.0,0.859955,0.01276805,4495,96,10000,1.0,120,111,1
413,192841372,0.375566,0.55964,0.0,0.8684585,0.01885565,5937,71,10000,1.0,186,86,1
414,2774377481,0.492518,0.55785,0.0,0.901532,0.0167189,7082,53,10000,1.0,176,68,1
415,645143233,0.312372,0.516244,0.0,0.896738,0.01408655,4650,107,10000,1.0,131,122,1
416,1719629798,0.487608,0.528798,0.0,0.875042,0.01404575,6951,53,10000,1.0,136,68,1
417,2515397365,0.418012,0.43313,0.0,0.940943,0.00551735,5260,76,10000,1.0,61,91,1
418,400700246,0.41779,0.45851600000000003,0.0,0.8891,0.01733465,5644,75,10000,1.0,196,90,1
419,455468321,0.31787,0.581164,0.0,0.9047585,0.0171905,5460,79,10000,1.0,167,94,1
420,676518441,0.419974,0.41592,0.0,0.9237124999999999,0.0060233000000000005,5180,81,10000,1.0,46,96,1
421,2404285213,0.461174,0.524772,0.0,0.9296225,0.0184778,6614,61,10000,1.0,199,75,1
422,1264032828,0.345304,0.41361000000000003,0.0,0.852695,0.0193523,3787,138,10000,1.0,235,153,1
423,3937928001,0.458142,0.58217,0.0,0.8719865,0.01354085,6910,53,10000,1.0,116,67,1
424,3106678991,0.343866,0.583134,0.0,0.9445205,0.0140231,5830,66,10000,1.0,140,81,1
425,3657017284,0.332106,0.44085,0.0,0.8887115,0.0086531,4172,111,10000,1.0,76,127,1
426,708255638,0.38552,0.468644,0.0,0.8782775,0.0197726,5396,74,10000,1.0,182,89,1
427,2388845178,0.496566,0.463022,0.0,0.9318394999999999,0.013284050000000002,6495,62,10000,1.0,136,77,1
428,1836754682,0.494222,0.5234179999999999,0.0,0.8095385,0.01601015,6863,57,10000,1.0,160,71,1
429,303096058,0.469798,0.589056,0.0,0.8384975,0.01855235,7130,54,10000,1.0,184,69,1
430,3664766382,0.368452,0.513894,0.0,0.8057675000000001,0.0138302,5434,87,10000,1.0,149,102,1
431,1639911358,0.472626,0.5966119999999999,0.0,0.8833205,0.008317399999999999,7213,55,10000,1.0,82,70,1
432,2686862152,0.336886,0.587892,0.0,0.8353835000000001,0.0194798,5809,68,10000,1.0,196,83,1
433,1282779763,0.429336,0.5315639999999999,0.0,0.9135424999999999,0.013563349999999998,6536,59,10000,1.0,118,74,1
434,456567209,0.493212,0.436982,0.0,0.8808035,0.013786550000000002,6255,65,10000,1.0,135,80,1
435,3489611838,0.454722,0.588646,0.0,0.852044,0.0067697,6964,49,10000,1.0,76,63,1
436,190331537,0.437038,0.462752,0.0,0.872849,0.01375475,6026,73,10000,1.0,147,88,1
437,673773735,0.47648,0.582226,0.0,0.9174694999999999,0.0069758,7095,50,10000,1.0,68,64,1
438,4041055635,0.331114,0.521404,0.0,0.907322,0.01810715,5108,95,10000,1.0,176,110,1
439,1026103780,0.349298,0.51455,0.0,0.897488,0.0158303,5289,87,10000,1.0,168,102,1
440,3035243332,0.33126,0.53549,0.0,0.8706365,0.00914945,5237,84,10000,1.0,92,99,1
441,2137512330,0.365514,0.538464,0.0,0.8318255,0.018373999999999998,5671,73,10000,1.0,169,88,1
442,2944827529,0.35848,0.58302,0.0,0.8034530000000001,0.011122400000000001,6068,68,10000,1.0,125,83,1
443,71537561,0.45829200000000003,0.48237,0.0,0.830321,0.01930355,6231,61,10000,1.0,205,75,1
444,2760033619,0.49281200000000003,0.499774,0.0,0.8048795000000001,0.01628285,6703,59,10000,1.0,154,74,1
445,3884124636,0.333202,0.42538000000000004,0.0,0.8650835,0.008637800000000001,3792,115,10000,1.0,85,130,1
446,4086435360,0.335626,0.505318,0.0,0.8331470000000001,0.01059635,4938,93,10000,1.0,111,108,1
447,2949955493,0.429458,0.511504,0.0,0.8922215,0.01077815,6201,65,10000,1.0,104,80,1
448,4022552620,0.353438,0.49593,0.0,0.8512715,0.0156401,5087,85,10000,1.0,167,100,1
449,466778897,0.40610599999999997,0.547038,0.0,0.817739,0.006089300000000001,6282,67,10000,1.0,60,81,1
450,4265985533,0.356694,0.450678,0.0,0.8185910000000001,0.008809250000000001,4674,101,10000,1.0,78,116,1
451,1349929357,0.426964,0.5325599999999999,0.0,0.904874,0.00792035,6430,62,10000,1.0,67,76,1
452,3208187343,0.305504,0.527516,0.0,0.839603,0.00636725,4635,105,10000,1.0,61,120,1
453,2766248950,0.446136,0.484462,0.0,0.9498605,0.00716825,6276,68,10000,1.0,62,83,1
454,1887342178,0.35559399999999997,0.594894,0.0,0.8488985,0.018244550000000002,6021,69,10000,1.0,169,84,1
455,3028542140,0.318616,0.466394,0.0,0.90437,0.01882715,4080,112,10000,1.0,215,127,1
456,870947151,0.483666,0.42648400000000003,0.0,0.8146265,0.01736795,5952,67,10000,1.0,145,81,1
457,560845089,0.32231,0.50483,0.0,0.905162,0.0055598,4830,96,10000,1.0,64,111,1
458,3709931269,0.320768,0.574708,0.0,0.8032895,0.017151049999999998,5430,91,10000,1.0,178,106,1
459,4023953476,0.334468,0.47866,0.0,0.9410135,0.01947995,4603,103,10000,1.0,195,119,1
460,2643673854,0.390944,0.539972,0.0,0.8591135,0.0142685,6212,65,10000,1.0,153,80,1
461,1494613660,0.377522,0.540982,0.0,0.9200645,0.0075926,5900,71,10000,1.0,78,86,1
462,144577342,0.407172,0.51105,0.0,0.869243,0.0119723,6073,72,10000,1.0,108,86,1
463,1681178039,0.473102,0.465108,0.0,0.8178890000000001,0.015165950000000001,6236,64,10000,1.0,174,79,1
464,988294515,0.334814,0.57584,0.0,0.809285,0.0105278,5625,77,10000,1.0,98,92,1
465,1065122246,0.48953800000000003,0.469968,0.0,0.869693,0.0161132,6415,63,10000,1.0,152,78,1
466,856241391,0.43306999999999995,0.466168,0.0,0.845654,0.0198455,5962,65,10000,1.0,190,80,1
467,3259364935,0.305504,0.584792,0.0,0.910382,0.00969425,5117,80,10000,1.0,89,95,1
468,3962745755,0.4943,0.528308,0.0,0.881456,0.00805955,7014,54,10000,1.0,76,69,1
469,40652512,0.343152,0.43606,0.0,0.9390814999999999,0.01888355,4161,114,10000,1.0,209,129,1
470,1035205518,0.42942800000000003,0.495776,0.0,0.9371225,0.0197909,6052,63,10000,1.0,198,77,1
471,3271745860,0.35701,0.487534,0.0,0.8878969999999999,0.00598115,5167,85,10000,1.0,81,100,1
472,719991749,0.45718000000000003,0.55986,0.0,0.9051485,0.0194564,6847,54,10000,1.0,208,69,1
473,1384530083,0.346032,0.557676,0.0,0.925028,0.0135194,5797,73,10000,1.0,134,88,1
474,1822051039,0.40771599999999997,0.567076,0.0,0.8951135,0.01712375,6550,57,10000,1.0,162,71,1
475,849483529,0.427906,0.560596,0.0,0.92177,0.01988075,6516,59,10000,1.0,209,73,1
476,1838473244,0.300796,0.532232,0.0,0.9475129999999999,0.00978335,4508,97,10000,1.0,105,112,1
477,1414959610,0.353442,0.491882,0.0,0.850913,0.013299349999999998,5142,83,10000,1.0,128,98,1
478,3271431274,0.37329599999999996,0.4606,0.0,0.9133249999999999,0.0066686,5054,98,10000,1.0,65,113,1
479,2578624329,0.370684,0.572058,0.0,0.856163,0.0068237,6037,65,10000,1.0,72,79,1
480,1798416268,0.465142,0.42338200000000004,0.0,0.8453825,0.0114002,5695,73,10000,1.0,120,88,1
481,2102292849,0.486446,0.43170600000000003,0.0,0.8024465000000001,0.00783515,6024,75,10000,1.0,93,89,1
482,2844699815,0.410764,0.451624,0.0,0.9385804999999999,0.013396100000000001,5543,75,10000,1.0,152,90,1
483,289986158,0.315086,0.530874,0.0,0.8601815,0.0186617,4850,98,10000,1.0,187,112,1
484,3962479773,0.477906,0.414536,0.0,0.9284,0.007636850000000001,5769,69,10000,1.0,84,84,1
485,3005033755,0.372282,0.459914,0.0,0.9072034999999999,0.013170499999999998,4984,90,10000,1.0,129,105,1
486,3638565470,0.323046,0.440072,0.0,0.8739034999999999,0.01726895,3896,113,10000,1.0,200,128,1
487,3347213699,0.305846,0.51674,0.0,0.909326,0.009583399999999999,4565,99,10000,1.0,109,114,1
488,3438669555,0.493638,0.413824,0.0,0.823871,0.0110723,5897,69,10000,1.0,99,84,1
489,2312861487,0.363792,0.490084,0.0,0.9154519999999999,0.0104018,5117,86,10000,1.0,97,101,1
490,2262352925,0.420634,0.540808,0.0,0.8535665,0.00588125,6401,58,10000,1.0,59,73,1
491,2449217943,0.418888,0.482786,0.0,0.835874,0.00969365,5839,80,10000,1.0,102,95,1
492,2277439085,0.356218,0.44357800000000003,0.0,0.826376,0.014870599999999998,4483,124,10000,1.0,154,139,1
493,3446246464,0.383534,0.44874400000000003,0.0,0.9192724999999999,0.0138725,5149,88,10000,1.0,145,103,1
494,3478831554,0.469676,0.51898,0.0,0.86147,0.013742299999999999,6633,57,10000,1.0,146,71,1
495,3622305012,0.367052,0.487298,0.0,0.864425,0.0083762,5176,86,10000,1.0,76,101,1
496,2682436139,0.47447,0.5791379999999999,0.0,0.847874,0.0146657,7121,53,10000,1.0,143,67,1
497,1800493051,0.437602,0.430888,0.0,0.8393,0.0083132,5415,80,10000,1.0,107,95,1
498,2079515136,0.374854,0.565524,0.0,0.9285979999999999,0.00568085,5986,65,10000,1.0,55,80,1
499,1007958709,0.316036,0.46278,0.0,0.8093495,0.0073358,4014,121,10000,1.0,60,136,1
500,3666826475,0.447262,0.552232,0.0,0.8292125,0.0059156,6701,58,10000,1.0,56,72,1
501,381960023,0.45400799999999997,0.501296,0.0,0.89633,0.012946549999999998,6457,61,10000,1.0,121,76,1
502,2744518659,0.320732,0.442102,0.0,0.8894135,0.01132355,3800,129,10000,1.0,123,144,1
503,2733186207,0.336876,0.429116,0.0,0.86093,0.013187,3903,120,10000,1.0,139,135,1
504,1199023507,0.441276,0.5765279999999999,0.0,0.88064,0.00604895,6841,56,10000,1.0,64,71,1
505,3411347843,0.37448,0.584004,0.0,0.900569,0.00878555,6165,66,10000,1.0,97,81,1
506,1426928412,0.461094,0.573062,0.0,0.934064,0.00848285,7012,52,10000,1.0,75,67,1
507,2022157359,0.345716,0.49846599999999996,0.0,0.859415,0.0058148,5013,87,10000,1.0,47,102,1
508,764866063,0.487042,0.407642,0.0,0.9091954999999999,0.0062786000000000005,5809,72,10000,1.0,69,87,1
509,3017338670,0.332218,0.484016,0.0,0.942623,0.0079535,4597,116,10000,1.0,94,131,1
510,2834956378,0.392232,0.5673159999999999,0.0,0.8441975,0.013468250000000001,6188,59,10000,1.0,133,74,1
511,3860465506,0.302552,0.591082,0.0,0.8631035,0.0111407,5210,84,10000,1.0,99,99,1
512,2974935349,0.430224,0.50999,0.0,0.8157335,0.012996500000000001,6135,68,10000,1.0,123,83,1
513,4125754365,0.37079,0.46451200000000004,0.0,0.9345905,0.012418849999999999,5065,92,10000,1.0,136,107,1
514,1407440852,0.370858,0.559892,0.0,0.836315,0.00568955,6056,70,10000,1.0,61,85,1
515,4120075986,0.436878,0.593448,0.0,0.9413644999999999,0.01238405,6838,55,10000,1.0,112,70,1
516,1016691399,0.391078,0.43538,0.0,0.876611,0.010703899999999999,4950,82,10000,1.0,107,97,1
517,2053996094,0.38151999999999997,0.526972,0.0,0.8991454999999999,0.014327449999999999,5982,66,10000,1.0,127,81,1
518,893080402,0.442696,0.466684,0.0,0.892295,0.01686095,5945,70,10000,1.0,143,85,1
519,2562082658,0.417734,0.4037,0.0,0.924188,0.01329485,4876,89,10000,1.0,113,104,1
520,1576117998,0.418326,0.40772800000000003,0.0,0.8298635,0.00967295,4871,90,10000,1.0,85,105,1
521,3041292075,0.372266,0.488412,0.0,0.9432634999999999,0.0108206,5241,82,10000,1.0,101,97,1
522,4073183548,0.381246,0.456592,0.0,0.8448515,0.017312150000000002,5099,92,10000,1.0,169,107,1
523,837462479,0.470486,0.461354,0.0,0.8339570000000001,0.01676165,6256,67,10000,1.0,180,82,1
524,2272028100,0.348144,0.50103,0.0,0.8262725000000001,0.01601375,5195,90,10000,1.0,156,105,1
525,1471476868,0.433544,0.511342,0.0,0.926267,0.0198776,6297,60,10000,1.0,187,75,1
526,2673535032,0.345346,0.595334,0.0,0.902816,0.0075815,5895,68,10000,1.0,65,83,1
527,931608050,0.339394,0.413982,0.0,0.819698,0.007608200000000001,3655,150,10000,1.0,77,165,1
528,4047642777,0.303688,0.437616,0.0,0.916109,0.01627895,3198,139,10000,1.0,166,154,1
529,57752373,0.361678,0.5913539999999999,0.0,0.89585,0.00941885,6141,63,10000,1.0,106,78,1
530,444277431,0.306554,0.40945800000000004,0.0,0.8928935,0.00849965,2767,171,10000,1.0,105,186,1
531,1157456810,0.386414,0.59187,0.0,0.870767,0.00608855,6459,63,10000,1.0,61,78,1
532,3022487080,0.387976,0.518336,0.0,0.856886,0.01614575,5835,71,10000,1.0,174,86,1
533,1938177946,0.460648,0.507408,0.0,0.9073384999999999,0.0191402,6699,58,10000,1.0,198,73,1
534,4117898760,0.479034,0.474286,0.0,0.9422225,0.0174161,6409,62,10000,1.0,173,77,1
535,257774049,0.33887999999999996,0.416844,0.0,0.828161,0.007561099999999999,3743,116,10000,1.0,68,131,1
536,3369360502,0.31529599999999997,0.400426,0.0,0.933863,0.00833735,2850,175,10000,1.0,81,190,1
537,3420205892,0.366156,0.463264,0.0,0.868025,0.0053079500000000005,4976,83,10000,1.0,50,98,1
538,348655717,0.421084,0.511228,0.0,0.8397395,0.01013585,6115,62,10000,1.0,121,77,1
539,4141881356,0.381692,0.425402,0.0,0.8745725,0.01753115,4705,95,10000,1.0,183,110,1
540,2387569142,0.39039599999999997,0.409086,0.0,0.899516,0.01421855,4509,103,10000,1.0,154,118,1
541,3833777993,0.340464,0.408694,0.0,0.901139,0.012367099999999999,3737,142,10000,1.0,121,157,1
542,3486457150,0.333324,0.572742,0.0,0.8392430000000001,0.00518285,5547,73,10000,1.0,48,88,1
543,4130649593,0.40229,0.5866979999999999,0.0,0.8672195,0.01671005,6552,59,10000,1.0,181,74,1
544,3161248102,0.42215,0.548996,0.0,0.8215445,0.0169913,6394,71,10000,1.0,164,86,1
545,409799843,0.33197,0.40039,0.0,0.8909285,0.00773135,3255,137,10000,1.0,71,152,1
546,1391981454,0.30541599999999997,0.43874,0.0,0.8763485,0.01870355,3380,128,10000,1.0,194,143,1
547,3829864341,0.391398,0.414306,0.0,0.874967,0.0123275,4760,84,10000,1.0,127,99,1
548,2148307658,0.31662799999999997,0.517618,0.0,0.803531,0.0161771,4715,99,10000,1.0,166,114,1
549,4119701237,0.3899,0.56439,0.0,0.8144480000000001,0.0189296,6234,70,10000,1.0,188,85,1
550,2790971875,0.33205399999999996,0.56113,0.0,0.925586,0.01175555,5399,80,10000,1.0,106,95,1
551,279644947,0.362802,0.576064,0.0,0.8526320000000001,0.0157223,6084,65,10000,1.0,164,79,1
552,3631029945,0.440844,0.542076,0.0,0.9112939999999999,0.015063049999999998,6637,58,10000,1.0,148,73,1
553,555608277,0.41447,0.59166,0.0,0.9427835,0.013115749999999999,6670,58,10000,1.0,145,72,1
554,4252490840,0.376488,0.557714,0.0,0.8945015,0.0156578,5987,64,10000,1.0,157,79,1
555,546931224,0.45188,0.516136,0.0,0.947453,0.01249535,6514,58,10000,1.0,108,73,1
556,3449917038,0.491506,0.42516600000000004,0.0,0.815816,0.0096371,6058,69,10000,1.0,91,84,1
557,160813828,0.30508399999999997,0.5936939999999999,0.0,0.8252735,0.012928100000000001,5340,83,10000,1.0,117,98,1
558,1344867642,0.490978,0.410822,0.0,0.860687,0.01911125,5941,65,10000,1.0,214,79,1
559,3414377230,0.38373599999999997,0.54541,0.0,0.885221,0.01204385,6054,66,10000,1.0,124,81,1
560,3704927179,0.451324,0.413866,0.0,0.919316,0.015113599999999998,5434,79,10000,1.0,152,94,1
561,1951313294,0.38784799999999997,0.411472,0.0,0.8845265,0.007530800000000001,4575,92,10000,1.0,66,107,1
562,2926495014,0.396344,0.555938,0.0,0.9409595,0.016109599999999998,6233,67,10000,1.0,151,82,1
563,786356657,0.43341399999999997,0.565922,0.0,0.862865,0.0176843,6613,61,10000,1.0,191,76,1
564,1460289874,0.324208,0.41601,0.0,0.946766,0.01947485,3413,145,10000,1.0,206,160,1
565,1290374343,0.48892,0.53173,0.0,0.876374,0.018242,6896,54,10000,1.0,158,69,1
566,2459875449,0.487352,0.467074,0.0,0.8571425,0.01180805,6356,58,10000,1.0,131,73,1
567,109637774,0.424296,0.436894,0.0,0.89417,0.0099776,5523,82,10000,1.0,103,97,1
568,136375975,0.31523599999999996,0.537772,0.0,0.8989685,0.00637625,4942,108,10000,1.0,53,123,1
569,799876308,0.348126,0.4158,0.0,0.9151235,0.0058088,3751,129,10000,1.0,62,145,1
570,4098163598,0.397048,0.574384,0.0,0.9455389999999999,0.008947400000000001,6303,64,10000,1.0,102,79,1
571,2748100185,0.32655,0.420748,0.0,0.900953,0.014778349999999999,3566,125,10000,1.0,169,141,1
572,2438315058,0.330978,0.538656,0.0,0.8087795,0.01022135,5193,93,10000,1.0,91,108,1
573,2597362537,0.378282,0.57566,0.0,0.9107375,0.0122693,6130,64,10000,1.0,126,79,1
574,3959635607,0.42522,0.501546,0.0,0.8249960000000001,0.0125795,6213,66,10000,1.0,135,81,1
575,508132151,0.316896,0.514948,0.0,0.8449835,0.012687799999999999,4675,97,10000,1.0,126,112,1
576,280872120,0.481576,0.41838600000000004,0.0,0.925352,0.00667655,5892,72,10000,1.0,60,87,1
577,1322075549,0.464784,0.480612,0.0,0.9425359999999999,0.00518525,6399,68,10000,1.0,59,82,1
578,4012459779,0.452434,0.559952,0.0,0.806942,0.0160673,6751,60,10000,1.0,166,74,1
579,2808580418,0.378768,0.590958,0.0,0.8162105000000001,0.0081248,6241,60,10000,1.0,88,75,1
580,916271535,0.398672,0.482984,0.0,0.8120435,0.0112196,5680,71,10000,1.0,112,86,1
581,3470616780,0.33855599999999997,0.532628,0.0,0.8494325,0.0184496,5346,89,10000,1.0,205,104,1
582,900764954,0.47605200000000003,0.426684,0.0,0.920597,0.01107185,5843,78,10000,1.0,126,92,1
583,1696548303,0.429726,0.42838000000000004,0.0,0.8653415,0.00510065,5351,81,10000,1.0,44,97,1
584,861154718,0.467432,0.517842,0.0,0.9221644999999999,0.0147287,6620,59,10000,1.0,149,73,1
585,1996753874,0.309262,0.550912,0.0,0.9049925,0.01208165,5035,80,10000,1.0,150,95,1
586,962124634,0.494634,0.427726,0.0,0.825647,0.0156833,6184,69,10000,1.0,162,84,1
587,789884678,0.49203399999999997,0.523576,0.0,0.9403055,0.0169823,6872,56,10000,1.0,172,71,1
588,73359490,0.476894,0.446402,0.0,0.8589005000000001,0.007341800000000001,6090,64,10000,1.0,71,80,1
589,1114194798,0.326864,0.516482,0.0,0.8008385,0.01747145,4853,81,10000,1.0,200,96,1
590,1765032016,0.43556399999999995,0.55267,0.0,0.8922335,0.0189179,6509,64,10000,1.0,198,79,1
591,3627097868,0.463648,0.504314,0.0,0.8811425,0.0054113,6531,62,10000,1.0,55,77,1
592,2998893757,0.458058,0.472574,0.0,0.845306,0.0058241000000000005,6056,65,10000,1.0,73,79,1
593,570621016,0.459156,0.582202,0.0,0.948803,0.012818300000000001,7025,57,10000,1.0,137,72,1
594,3561868445,0.499406,0.45121,0.0,0.852662,0.013763899999999999,6417,76,10000,1.0,129,90,1
595,3435232108,0.455454,0.536734,0.0,0.85448,0.0194969,6582,59,10000,1.0,232,73,1
596,549984547,0.316428,0.494608,0.0,0.9356644999999999,0.00879875,4552,102,10000,1.0,96,117,1
597,2137289445,0.48958999999999997,0.436724,0.0,0.9229175,0.013396100000000001,6192,67,10000,1.0,142,82,1
598,2313602295,0.38417999999999997,0.505056,0.0,0.9184519999999999,0.018434,5614,71,10000,1.0,182,86,1
599,3083784035,0.34471399999999996,0.44064400000000004,0.0,0.934202,0.019316899999999998,4372,105,10000,1.0,183,120,1
600,1063888729,0.479036,0.54271,0.0,0.8222,0.009229850000000001,6919,50,10000,1.0,95,65,1
601,1955806636,0.468968,0.418986,0.0,0.9132709999999999,0.01994495,5695,67,10000,1.0,203,82,1
602,1930415264,0.371398,0.410374,0.0,0.8657360000000001,0.0097985,4200,117,10000,1.0,111,132,1
603,881236638,0.426798,0.468984,0.0,0.8769979999999999,0.01579655,5849,74,10000,1.0,155,88,1
604,246879435,0.492062,0.514884,0.0,0.825419,0.0132251,6828,55,10000,1.0,125,70,1
605,2879418537,0.475758,0.413034,0.0,0.9262009999999999,0.0092834,5832,68,10000,1.0,95,83,1
606,1991730226,0.323866,0.5932219999999999,0.0,0.876107,0.01383815,5615,71,10000,1.0,150,86,1
607,3154430287,0.37,0.45085800000000004,0.0,0.861332,0.0072533,4832,91,10000,1.0,69,106,1
608,1963215465,0.33089999999999997,0.556136,0.0,0.9020555,0.013016,5300,82,10000,1.0,139,97,1
609,2376004401,0.401708,0.498718,0.0,0.9468395,0.01937375,5920,77,10000,1.0,209,92,1
610,648102095,0.455202,0.501044,0.0,0.9445085,0.0093524,6447,60,10000,1.0,107,75,1
611,2720002964,0.497312,0.473684,0.0,0.8989145,0.01877525,6591,59,10000,1.0,186,74,1
612,379215852,0.351982,0.572906,0.0,0.8606525,0.0072908,5879,75,10000,1.0,74,89,1
613,2220207998,0.34688399999999997,0.428522,0.0,0.8477045,0.0091574,4026,127,10000,1.0,91,141,1
614,3390561814,0.43928199999999995,0.565384,0.0,0.8622785000000001,0.00936335,6721,57,10000,1.0,98,71,1
615,1767941337,0.33844799999999997,0.426424,0.0,0.815837,0.0081107,3942,125,10000,1.0,83,140,1
616,1687991073,0.354674,0.432306,0.0,0.9318139999999999,0.019276249999999998,4315,104,10000,1.0,167,119,1
617,2319297198,0.398876,0.533924,0.0,0.8604425,0.0137954,6077,64,10000,1.0,153,78,1
618,2376986902,0.355836,0.406714,0.0,0.8893175,0.01584455,4114,104,10000,1.0,138,119,1
619,1870779726,0.3919,0.443548,0.0,0.8813585,0.01218605,5131,82,10000,1.0,143,97,1
620,948756388,0.315398,0.57856,0.0,0.8428205,0.0174152,5455,75,10000,1.0,174,90,1
621,4117396270,0.33079,0.5272939999999999,0.0,0.889166,0.00796805,5044,86,10000,1.0,80,101,1
622,1296034026,0.373696,0.443276,0.0,0.860903,0.01447955,4898,87,10000,1.0,137,101,1
623,3587843652,0.45031,0.466368,0.0,0.817697,0.0138245,6082,65,10000,1.0,148,79,1
624,516430931,0.359364,0.4334,0.0,0.9465454999999999,0.010447399999999999,4395,96,10000,1.0,91,112,1
625,372484463,0.398754,0.50749,0.0,0.926906,0.01274465,5982,64,10000,1.0,123,79,1
626,2400390983,0.417516,0.46009,0.0,0.8932295,0.0050531000000000005,5674,72,10000,1.0,60,87,1
627,2127846800,0.385592,0.545804,0.0,0.862547,0.0092474,6068,64,10000,1.0,75,79,1
628,2565516710,0.392772,0.49293200000000004,0.0,0.9429965,0.010076149999999999,5649,79,10000,1.0,94,94,1
629,4005795615,0.309846,0.406658,0.0,0.9369755,0.00943385,2777,165,10000,1.0,90,180,1
630,382977580,0.32534599999999997,0.55153,0.0,0.9356675,0.0190343,5135,83,10000,1.0,183,98,1
631,3913666517,0.33874,0.5927199999999999,0.0,0.8765975,0.00680015,5842,66,10000,1.0,66,81,1
632,2890110258,0.396244,0.483188,0.0,0.8747135,0.0135428,5631,70,10000,1.0,135,86,1
633,3036214557,0.411382,0.488354,0.0,0.9036335,0.01951745,5791,76,10000,1.0,221,91,1
634,2244233292,0.359084,0.553512,0.0,0.858773,0.00591665,5835,71,10000,1.0,62,86,1
635,267184073,0.31440799999999997,0.53826,0.0,0.811901,0.01477295,4912,92,10000,1.0,126,107,1
636,1775366549,0.470234,0.563532,0.0,0.8704895,0.01193225,6933,54,10000,1.0,133,70,1
637,1087886988,0.39574,0.432442,0.0,0.872651,0.0072599,4932,86,10000,1.0,66,101,1
638,1513569247,0.434272,0.563338,0.0,0.911729,0.009567800000000001,6641,56,10000,1.0,84,72,1
639,2959565932,0.33925,0.511938,0.0,0.8212085,0.015515600000000001,5106,86,10000,1.0,163,101,1
640,1782268880,0.47326,0.445552,0.0,0.901979,0.0076038500000000005,6086,66,10000,1.0,74,81,1
641,2349701912,0.483018,0.5416259999999999,0.0,0.863264,0.0131666,6957,52,10000,1.0,115,66,1
642,1136334680,0.399866,0.448016,0.0,0.9468365,0.00703085,5299,76,10000,1.0,75,91,1
643,2977141920,0.462612,0.56955,0.0,0.8516645,0.01474955,6942,51,10000,1.0,141,66,1
644,1191876635,0.483758,0.53662,0.0,0.8462810000000001,0.0055001,6913,54,10000,1.0,40,68,1
645,2504051745,0.41349800000000003,0.542708,0.0,0.8477345000000001,0.00696545,6345,60,10000,1.0,67,75,1
646,4217377499,0.324384,0.510482,0.0,0.8526845000000001,0.016047799999999997,4807,95,10000,1.0,150,110,1
647,273533389,0.452974,0.511742,0.0,0.9025505,0.01288145,6525,59,10000,1.0,117,74,1
648,546181186,0.31606999999999996,0.462012,0.0,0.8452955,0.012209600000000001,4061,108,10000,1.0,121,124,1
649,3422825638,0.423942,0.428458,0.0,0.939503,0.01000175,5418,83,10000,1.0,90,98,1
650,2201761079,0.31723799999999996,0.42673,0.0,0.8621615,0.008058349999999999,3512,140,10000,1.0,82,155,1
651,3505824381,0.4968,0.5272399999999999,0.0,0.915647,0.01970135,6860,53,10000,1.0,192,68,1
652,3962165541,0.321632,0.409428,0.0,0.8193965000000001,0.0072602,3057,160,10000,1.0,71,175,1
653,1609288131,0.451436,0.5985419999999999,0.0,0.946925,0.0158255,6971,53,10000,1.0,172,67,1
654,315727886,0.36891799999999997,0.461156,0.0,0.8936014999999999,0.0055913000000000004,4937,96,10000,1.0,57,110,1
655,3180198285,0.460032,0.5387219999999999,0.0,0.8077415,0.010211600000000001,6745,62,10000,1.0,99,76,1
656,1851073361,0.341982,0.542912,0.0,0.87872,0.0071497999999999996,5566,78,10000,1.0,78,92,1
657,869774923,0.423706,0.527838,0.0,0.8715395,0.0112418,6363,63,10000,1.0,129,78,1
658,495465277,0.301344,0.482018,0.0,0.8985455,0.011001799999999999,3997,110,10000,1.0,118,126,1
659,3561716553,0.326184,0.41595000000000004,0.0,0.9291845,0.0153716,3331,173,10000,1.0,135,188,1
660,3701395250,0.489792,0.562148,0.0,0.8928815,0.0075635,7100,50,10000,1.0,67,65,1
661,1719394589,0.456444,0.460418,0.0,0.9376804999999999,0.0161153,6019,70,10000,1.0,165,85,1
662,976066264,0.317142,0.494428,0.0,0.897266,0.015282500000000001,4505,98,10000,1.0,131,113,1
663,779638839,0.33208,0.488666,0.0,0.8314835,0.017342,4782,90,10000,1.0,167,105,1
664,1764222423,0.483618,0.526,0.0,0.8636255,0.0126626,6870,55,10000,1.0,147,70,1
665,301097947,0.395246,0.550874,0.0,0.8673125,0.0101408,6137,58,10000,1.0,103,73,1
666,4185682062,0.395676,0.41560400000000003,0.0,0.868634,0.0117623,4853,84,10000,1.0,118,99,1
667,4167395633,0.405686,0.42326600000000003,0.0,0.8465765000000001,0.013208750000000002,4982,87,10000,1.0,141,101,1
668,2849787171,0.334196,0.520408,0.0,0.853262,0.015124849999999999,5071,83,10000,1.0,160,98,1
669,2267586759,0.497648,0.43081600000000003,0.0,0.930734,0.01727765,6114,74,10000,1.0,184,89,1
670,1145176671,0.34687999999999997,0.423064,0.0,0.852971,0.01682555,3958,114,10000,1.0,158,129,1
671,4245421834,0.454402,0.465682,0.0,0.9075934999999999,0.0160334,6012,67,10000,1.0,181,81,1
672,4228947712,0.33721,0.48705,0.0,0.888395,0.009443149999999999,4616,96,10000,1.0,122,111,1
673,1211046250,0.329922,0.588066,0.0,0.9187595,0.0140786,5658,69,10000,1.0,160,84,1
674,4158050524,0.461752,0.508834,0.0,0.850445,0.01585385,6693,59,10000,1.0,167,73,1
675,3604676462,0.369584,0.515424,0.0,0.8858345,0.012150649999999999,5636,73,10000,1.0,115,88,1
676,2227801311,0.30826,0.444354,0.0,0.8255750000000001,0.007644949999999999,3466,134,10000,1.0,79,149,1
677,1345143820,0.497668,0.487714,0.0,0.8765735,0.00888335,6700,54,10000,1.0,83,69,1
678,895790555,0.30796999999999997,0.482938,0.0,0.894563,0.009779300000000001,3981,121,10000,1.0,102,136,1
679,2069191395,0.376678,0.52967,0.0,0.872435,0.0052244,5826,72,10000,1.0,55,87,1
680,2386744591,0.47904800000000003,0.43303200000000003,0.0,0.9172865,0.00792905,6027,67,10000,1.0,64,82,1
681,3433507402,0.372654,0.471134,0.0,0.8022215,0.01419335,5193,83,10000,1.0,156,98,1
682,3256291005,0.443698,0.579824,0.0,0.802733,0.015338149999999998,6851,53,10000,1.0,163,67,1
683,3461749439,0.42665200000000003,0.48949,0.0,0.8885675,0.009860299999999999,5966,77,10000,1.0,101,92,1
684,2685602166,0.47476,0.49304000000000003,0.0,0.8199605,0.0171659,6547,59,10000,1.0,157,73,1
685,611599553,0.32545199999999996,0.501558,0.0,0.8768105,0.01586615,4597,97,10000,1.0,158,112,1
686,4101629747,0.459938,0.527368,0.0,0.8314925,0.01424075,6684,59,10000,1.0,155,74,1
687,3531900230,0.44851399999999997,0.464066,0.0,0.9408455,0.012218449999999999,5957,64,10000,1.0,140,79,1
688,1026469976,0.333328,0.5857479999999999,0.0,0.9342575,0.01999625,5704,75,10000,1.0,189,89,1
689,3804182435,0.374396,0.500154,0.0,0.9005029999999999,0.015565099999999998,5551,75,10000,1.0,158,90,1
690,1384903916,0.32201,0.569804,0.0,0.9158959999999999,0.014727499999999998,5428,76,10000,1.0,182,91,1
691,75323873,0.33717199999999997,0.433268,0.0,0.906887,0.0071444,4026,114,10000,1.0,64,129,1
692,3361062340,0.320732,0.492958,0.0,0.8137175,0.00872,4525,105,10000,1.0,91,120,1
693,181715114,0.373908,0.461084,0.0,0.9228575,0.01087235,5036,86,10000,1.0,101,101,1
694,1227579940,0.46426,0.575074,0.0,0.936593,0.00659945,6957,54,10000,1.0,67,69,1
695,1685207932,0.432064,0.55877,0.0,0.816968,0.0107696,6678,59,10000,1.0,104,74,1
696,661299553,0.396578,0.52728,0.0,0.93467,0.01603205,6002,63,10000,1.0,164,78,1
697,771709170,0.499586,0.521706,0.0,0.902096,0.01998545,6935,57,10000,1.0,212,72,1
698,2171260501,0.40263,0.573878,0.0,0.928805,0.0068672,6462,65,10000,1.0,81,79,1
699,2539765645,0.415224,0.58244,0.0,0.8163050000000001,0.0112148,6621,59,10000,1.0,125,73,1
700,3712615629,0.386816,0.48652,0.0,0.8410880000000001,0.00760655,5505,84,10000,1.0,83,99,1
701,3512272453,0.489992,0.408928,0.0,0.944531,0.0109361,5827,70,10000,1.0,104,84,1
702,3966710225,0.38229599999999997,0.5994839999999999,0.0,0.92228,0.0153335,6455,61,10000,1.0,155,76,1
703,1487191473,0.480206,0.479652,0.0,0.8615885,0.01967735,6489,58,10000,1.0,200,73,1
704,4157698526,0.378216,0.400048,0.0,0.8974295,0.01900685,4182,98,10000,1.0,200,113,1
705,3227425355,0.453154,0.552046,0.0,0.8833385,0.0193352,6776,59,10000,1.0,180,74,1
706,1692822513,0.441934,0.592138,0.0,0.8344505,0.015322700000000002,6931,53,10000,1.0,157,69,1
707,2865248748,0.368536,0.57026,0.0,0.9120275,0.00556055,6020,69,10000,1.0,51,84,1
708,4021529478,0.449206,0.52959,0.0,0.8514740000000001,0.00634145,6663,60,10000,1.0,58,75,1
709,3979600483,0.31245,0.586388,0.0,0.8483,0.015497299999999999,5375,80,10000,1.0,147,95,1
710,3390571696,0.40524,0.432306,0.0,0.8316365,0.00965675,5107,90,10000,1.0,93,105,1
711,3240633168,0.39715,0.42578,0.0,0.9191705,0.01488635,4977,81,10000,1.0,160,96,1
712,1801560945,0.410584,0.43220600000000003,0.0,0.922559,0.0130814,5242,83,10000,1.0,123,98,1
713,937936383,0.451558,0.540042,0.0,0.8031860000000001,0.013794500000000001,6654,59,10000,1.0,136,74,1
714,357905044,0.34091,0.468052,0.0,0.9106369999999999,0.01542425,4550,103,10000,1.0,184,117,1
715,3112228978,0.326052,0.526634,0.0,0.846959,0.01502135,5043,92,10000,1.0,153,107,1
716,2007613655,0.456158,0.556022,0.0,0.8490725,0.0061304,6818,58,10000,1.0,59,73,1
717,594585628,0.367866,0.490018,0.0,0.9258065,0.0169958,5302,78,10000,1.0,170,93,1
718,2118345952,0.370252,0.408636,0.0,0.8826425,0.0150647,4216,118,10000,1.0,142,133,1
719,741936150,0.37835399999999997,0.51885,0.0,0.901712,0.016657850000000002,5754,68,10000,1.0,135,83,1
720,2848562575,0.415166,0.426808,0.0,0.8392175000000001,0.01642385,5264,80,10000,1.0,166,95,1
721,4228743419,0.30235999999999996,0.458192,0.0,0.8607275,0.01857515,3636,129,10000,1.0,185,144,1
722,3844545073,0.302062,0.547856,0.0,0.927098,0.00508745,4791,103,10000,1.0,45,119,1
723,2509582413,0.49826,0.425002,0.0,0.882296,0.016039249999999998,6117,70,10000,1.0,159,85,1
724,1136226849,0.441832,0.512476,0.0,0.8700725,0.01118525,6512,58,10000,1.0,120,73,1
725,2500496898,0.475582,0.541212,0.0,0.920138,0.013309999999999999,6772,54,10000,1.0,107,69,1
726,3119009700,0.303106,0.52982,0.0,0.9499609999999999,0.00626585,4702,96,10000,1.0,70,112,1
727,1873656910,0.403828,0.527922,0.0,0.8657195,0.0129869,6182,67,10000,1.0,124,82,1
728,2166880742,0.325384,0.447518,0.0,0.814544,0.0130073,3889,122,10000,1.0,139,137,1
729,1635788553,0.31201,0.409304,0.0,0.844553,0.01701965,2963,157,10000,1.0,165,172,1
730,1533042720,0.43261799999999995,0.42771800000000004,0.0,0.9420455,0.019708550000000002,5522,90,10000,1.0,209,105,1
731,1321091229,0.369664,0.574588,0.0,0.8001425000000001,0.019182499999999998,6078,63,10000,1.0,215,78,1
732,3051791621,0.397174,0.559352,0.0,0.9487565,0.012783800000000001,6290,64,10000,1.0,117,79,1
733,3161777104,0.42535199999999995,0.44363,0.0,0.931283,0.01674065,5498,69,10000,1.0,141,84,1
734,2489511355,0.380812,0.51872,0.0,0.9382265,0.01731875,5756,77,10000,1.0,170,91,1
735,3123392557,0.42048,0.45623400000000003,0.0,0.865727,0.01081265,5614,73,10000,1.0,127,88,1
736,2289200928,0.42237800000000003,0.53265,0.0,0.9290149999999999,0.0072005,6363,65,10000,1.0,68,80,1
737,1521033139,0.364164,0.584772,0.0,0.935336,0.0121121,6140,62,10000,1.0,119,77,1
738,1826907529,0.43661399999999995,0.552772,0.0,0.8367455,0.012866449999999998,6675,57,10000,1.0,120,72,1
739,2612353363,0.324482,0.44788,0.0,0.895814,0.0078452,3855,161,10000,1.0,92,176,1
740,2278583497,0.460148,0.539038,0.0,0.822377,0.014615300000000001,6750,60,10000,1.0,171,74,1
741,1311974872,0.356408,0.5936939999999999,0.0,0.8891705,0.0141686,6067,67,10000,1.0,133,81,1
742,1437715098,0.342362,0.579828,0.0,0.9214534999999999,0.01226495,5860,74,10000,1.0,128,89,1
743,2771451801,0.321642,0.5195179999999999,0.0,0.895319,0.0167036,4826,103,10000,1.0,155,118,1
744,2458520022,0.427546,0.400614,0.0,0.8598725,0.0064025,4937,82,10000,1.0,70,97,1
745,3374467151,0.33414,0.458758,0.0,0.872057,0.01206875,4384,108,10000,1.0,124,124,1
746,938597286,0.47847,0.418144,0.0,0.837278,0.0070319,5794,70,10000,1.0,94,85,1
747,2838171190,0.37387,0.477856,0.0,0.942797,0.0093143,5242,78,10000,1.0,83,93,1
748,1245709733,0.313316,0.47242,0.0,0.9443254999999999,0.01102175,4058,104,10000,1.0,115,120,1
749,3700503157,0.34323,0.523352,0.0,0.886745,0.00931415,5286,79,10000,1.0,85,94,1
750,4063409147,0.36268,0.462008,0.0,0.8742575,0.01046615,5043,96,10000,1.0,117,110,1
751,3192309858,0.433936,0.593352,0.0,0.8704295,0.0062066,6954,55,10000,1.0,62,70,1
752,769610285,0.413992,0.567276,0.0,0.887822,0.019514,6506,54,10000,1.0,199,68,1
753,701893900,0.484118,0.550728,0.0,0.815033,0.009006199999999999,7088,52,10000,1.0,74,67,1
754,1367542492,0.429608,0.464724,0.0,0.942371,0.0104855,5836,77,10000,1.0,116,92,1
755,570714382,0.496,0.51175,0.0,0.8093060000000001,0.01714775,6799,56,10000,1.0,176,71,1
756,1601934381,0.458704,0.435928,0.0,0.9318035,0.012179599999999999,5878,75,10000,1.0,122,91,1
757,141619356,0.332242,0.41755000000000003,0.0,0.8854235,0.01407305,3697,128,10000,1.0,141,143,1
758,228012982,0.34413,0.45041000000000003,0.0,0.8962685,0.0083012,4365,110,10000,1.0,79,125,1
759,2879047313,0.302006,0.53013,0.0,0.8716895,0.0052322,4641,97,10000,1.0,64,112,1
760,2710744942,0.30353199999999997,0.583012,0.0,0.849422,0.01462505,5177,88,10000,1.0,162,103,1
761,879579628,0.39115,0.459802,0.0,0.8037275,0.011989699999999999,5282,86,10000,1.0,129,101,1
762,3291690631,0.485892,0.452538,0.0,0.8790965,0.01933715,6296,68,10000,1.0,206,83,1
763,2154632438,0.353396,0.589584,0.0,0.859148,0.0080441,5968,63,10000,1.0,83,78,1
764,783272991,0.416966,0.54258,0.0,0.846515,0.012596,6370,62,10000,1.0,129,76,1
765,158677156,0.4906,0.55463,0.0,0.8503865,0.0160493,7128,52,10000,1.0,154,67,1
766,440433161,0.33532,0.45679800000000004,0.0,0.9071465,0.0198884,4279,105,10000,1.0,183,121,1
767,873450453,0.31582,0.40983200000000003,0.0,0.836048,0.00710795,3117,184,10000,1.0,70,199,1
768,486308778,0.376662,0.495016,0.0,0.8509295,0.0166601,5362,76,10000,1.0,175,92,1
769,2073262019,0.49272,0.514344,0.0,0.8285555,0.0133853,6739,56,10000,1.0,130,71,1
770,961798054,0.38126,0.42060000000000003,0.0,0.85493,0.0074264,4558,114,10000,1.0,78,129,1
771,1566932413,0.43917399999999995,0.578784,0.0,0.8335445,0.0177677,6965,57,10000,1.0,179,72,1
772,1593930126,0.445014,0.422762,0.0,0.8670155,0.01403855,5587,72,10000,1.0,148,87,1
773,3579875438,0.430176,0.464082,0.0,0.9189364999999999,0.0173393,5897,73,10000,1.0,177,88,1
774,1674067151,0.304722,0.402058,0.0,0.933065,0.016444399999999998,2652,170,10000,1.0,183,186,1
775,2150062854,0.362722,0.494778,0.0,0.800138,0.0148235,5251,87,10000,1.0,147,102,1
776,2621361793,0.372264,0.551722,0.0,0.9469865,0.01730225,5965,70,10000,1.0,174,85,1
777,2140626559,0.350916,0.59764,0.0,0.897854,0.0115859,6086,69,10000,1.0,119,84,1
778,1426688551,0.469352,0.513898,0.0,0.8166815000000001,0.019537099999999998,6550,58,10000,1.0,204,72,1
779,92600634,0.467304,0.487772,0.0,0.892925,0.01089455,6460,62,10000,1.0,119,77,1
780,4253022451,0.381916,0.581576,0.0,0.9405965,0.01256405,6188,62,10000,1.0,132,77,1
781,2465271907,0.36943,0.478904,0.0,0.8967335,0.014334949999999999,5135,89,10000,1.0,113,104,1
782,2838243450,0.374778,0.52867,0.0,0.913187,0.00709115,5786,70,10000,1.0,80,85,1
783,3035569821,0.437582,0.491808,0.0,0.93608,0.00768005,6213,69,10000,1.0,73,84,1
784,3658851912,0.335012,0.574306,0.0,0.9279155,0.018516499999999998,5635,79,10000,1.0,194,94,1
785,3038881550,0.331304,0.549708,0.0,0.8119475,0.0171806,5277,80,10000,1.0,168,95,1
786,2243849911,0.443036,0.533474,0.0,0.8030660000000001,0.01341125,6523,56,10000,1.0,130,71,1
787,1608824476,0.313312,0.547694,0.0,0.823454,0.009634400000000001,5055,89,10000,1.0,92,104,1
788,1343375401,0.42665200000000003,0.435376,0.0,0.809855,0.014987,5519,72,10000,1.0,138,87,1
789,4110948010,0.323028,0.43514400000000003,0.0,0.86642,0.012298400000000001,3655,135,10000,1.0,118,150,1
790,3071116439,0.473198,0.510092,0.0,0.8788925,0.01480145,6663,55,10000,1.0,163,70,1
791,467598423,0.327964,0.565808,0.0,0.948881,0.0124847,5524,81,10000,1.0,122,96,1
792,580151063,0.33772599999999997,0.41121800000000003,0.0,0.904838,0.009225049999999999,3650,124,10000,1.0,86,140,1
793,2427376399,0.47021,0.42723,0.0,0.898163,0.0082904,5752,72,10000,1.0,87,87,1
794,2372229172,0.381876,0.40178800000000003,0.0,0.9081305,0.008216000000000001,4286,110,10000,1.0,90,125,1
795,1293818114,0.417282,0.530942,0.0,0.8594915,0.0058067,6392,61,10000,1.0,51,76,1
796,3869618237,0.33517399999999997,0.423728,0.0,0.8390705,0.01680965,3833,135,10000,1.0,167,150,1
797,3989058687,0.422434,0.5292859999999999,0.0,0.8993165,0.0128735,6345,61,10000,1.0,121,76,1
798,2919916145,0.465014,0.518174,0.0,0.8176325,0.0130679,6618,56,10000,1.0,142,71,1
799,3294280992,0.46603,0.551704,0.0,0.841688,0.0073662499999999995,6845,56,10000,1.0,75,71,1
800,3112921734,0.421906,0.44214200000000003,0.0,0.893396,0.00750425,5485,82,10000,1.0,80,97,1
801,937467846,0.335026,0.52604,0.0,0.8726315,0.01227935,5247,80,10000,1.0,123,95,1
802,1905040091,0.329422,0.46382,0.0,0.912416,0.0159557,4248,101,10000,1.0,161,116,1
803,2283784785,0.414506,0.420098,0.0,0.9393499999999999,0.01384925,5152,87,10000,1.0,148,102,1
804,2342959925,0.308332,0.42051,0.0,0.8846015,0.015479449999999999,3138,152,10000,1.0,157,167,1
805,392479435,0.41874,0.556438,0.0,0.8068925,0.0151898,6479,60,10000,1.0,151,75,1
806,1338026899,0.461666,0.5815,0.0,0.9437899999999999,0.01329785,7008,56,10000,1.0,146,71,1
807,2469013841,0.408552,0.579462,0.0,0.8664575,0.01058195,6458,62,10000,1.0,90,77,1
808,3966195556,0.49005,0.516262,0.0,0.8958755,0.0074972,6801,58,10000,1.0,84,73,1
809,1128120874,0.34377599999999997,0.421912,0.0,0.909575,0.0138281,3906,114,10000,1.0,128,129,1
810,3125858473,0.354826,0.42939,0.0,0.903071,0.00794,4129,140,10000,1.0,94,155,1
811,244746733,0.385294,0.49461,0.0,0.8437775000000001,0.01441205,5614,77,10000,1.0,165,92,1
812,2325126594,0.43818999999999997,0.567088,0.0,0.868748,0.00985295,6891,57,10000,1.0,98,72,1
813,3250338820,0.486948,0.461734,0.0,0.9140435,0.0084008,6224,68,10000,1.0,89,82,1
814,1249790839,0.441824,0.408466,0.0,0.9012785,0.0176723,5269,80,10000,1.0,193,95,1
815,373391951,0.338588,0.423178,0.0,0.9130864999999999,0.014714600000000001,3886,125,10000,1.0,169,140,1
816,194468771,0.316052,0.402984,0.0,0.927989,0.0116771,2901,150,10000,1.0,110,165,1
817,4120965827,0.40888599999999997,0.579266,0.0,0.8933735,0.01240325,6626,56,10000,1.0,131,70,1
818,1266910798,0.41815599999999997,0.5566139999999999,0.0,0.8512850000000001,0.01779035,6505,62,10000,1.0,182,77,1
819,984839636,0.345466,0.469144,0.0,0.949499,0.00635525,4638,92,10000,1.0,81,107,1
820,3004908222,0.44216,0.596762,0.0,0.9408844999999999,0.0055394,6929,56,10000,1.0,57,71,1
821,63129917,0.377724,0.48898,0.0,0.91631,0.01880375,5451,81,10000,1.0,188,96,1
822,175232481,0.301878,0.41683000000000003,0.0,0.8455805000000001,0.0085325,2773,160,10000,1.0,67,176,1
823,4138800091,0.351346,0.55801,0.0,0.8396675,0.01522505,5793,69,10000,1.0,159,84,1
824,2964079518,0.389492,0.560856,0.0,0.9038495,0.012073549999999999,6169,64,10000,1.0,109,78,1
825,3732845443,0.409518,0.54619,0.0,0.870686,0.01408535,6383,60,10000,1.0,141,75,1
826,1635285259,0.301446,0.477148,0.0,0.8273225000000001,0.009988549999999999,3950,107,10000,1.0,108,122,1
827,533894132,0.34055,0.4499,0.0,0.8322725,0.013734049999999998,4299,104,10000,1.0,141,119,1
828,1065094529,0.34118,0.462718,0.0,0.8723015000000001,0.009434149999999999,4524,96,10000,1.0,77,111,1
829,407329215,0.432396,0.548006,0.0,0.9404165,0.019769,6621,58,10000,1.0,166,72,1
830,4225948166,0.44094199999999995,0.463854,0.0,0.84455,0.0064788499999999995,5947,67,10000,1.0,55,82,1
831,4212501669,0.396432,0.482624,0.0,0.926576,0.013443650000000001,5609,74,10000,1.0,125,89,1
832,2667389445,0.397914,0.41932800000000003,0.0,0.858248,0.0170363,4894,91,10000,1.0,155,106,1
833,225056124,0.356632,0.41968,0.0,0.875618,0.00701105,4166,111,10000,1.0,78,126,1
834,3265878114,0.34517,0.5564899999999999,0.0,0.942947,0.0102089,5633,76,10000,1.0,94,91,1
835,1414668406,0.382078,0.43203600000000003,0.0,0.80384,0.0186974,4790,100,10000,1.0,187,115,1
836,4146870616,0.301656,0.558878,0.0,0.9156394999999999,0.0091496,5006,84,10000,1.0,88,99,1
837,1550546459,0.355924,0.434066,0.0,0.913187,0.0111326,4371,109,10000,1.0,111,124,1
838,1029407700,0.43774,0.51131,0.0,0.914237,0.018805699999999998,6339,66,10000,1.0,213,80,1
839,1413583103,0.459716,0.418348,0.0,0.8078945000000001,0.00626315,5681,74,10000,1.0,63,89,1
840,1649076557,0.47165,0.40816600000000003,0.0,0.9372935,0.00650585,5592,72,10000,1.0,71,87,1
841,1955942754,0.41954,0.502008,0.0,0.852326,0.005756,6020,67,10000,1.0,54,82,1
842,802955390,0.409266,0.48193,0.0,0.8290205,0.0096773,5793,76,10000,1.0,96,91,1
843,1866971604,0.422514,0.442828,0.0,0.9057515,0.01490915,5441,75,10000,1.0,155,90,1
844,3102884668,0.444048,0.506664,0.0,0.937238,0.01026455,6338,66,10000,1.0,112,81,1
845,157445130,0.39566599999999996,0.475234,0.0,0.8316020000000001,0.01968395,5433,76,10000,1.0,204,91,1
846,2755634833,0.340774,0.409304,0.0,0.9440584999999999,0.00962075,3703,125,10000,1.0,111,140,1
847,3363728269,0.358182,0.45255,0.0,0.8142215,0.019581499999999998,4557,95,10000,1.0,190,110,1
848,2654073911,0.30441,0.405536,0.0,0.9064234999999999,0.0153089,2668,216,10000,1.0,162,232,1
849,1785836689,0.415868,0.587488,0.0,0.8004950000000001,0.012293749999999999,6679,56,10000,1.0,133,71,1
850,2596601424,0.384044,0.412696,0.0,0.815141,0.01027655,4650,92,10000,1.0,98,108,1
851,741004856,0.393304,0.544396,0.0,0.8837915000000001,0.0162518,6071,71,10000,1.0,165,86,1
852,1225146848,0.474118,0.453998,0.0,0.9030275,0.010798849999999999,6198,62,10000,1.0,90,76,1
853,2230065627,0.416492,0.44169800000000004,0.0,0.9380135,0.0108089,5415,86,10000,1.0,110,101,1
854,1502963539,0.380698,0.433774,0.0,0.9465199999999999,0.0167417,4852,95,10000,1.0,165,110,1
855,1207233243,0.3819,0.569768,0.0,0.8194100000000001,0.00648665,6137,69,10000,1.0,79,84,1
856,2574240028,0.341384,0.450396,0.0,0.8726525,0.011617849999999999,4525,101,10000,1.0,116,116,1
857,4210568656,0.367656,0.571182,0.0,0.909098,0.0143387,5997,70,10000,1.0,131,85,1
858,355851649,0.381266,0.536478,0.0,0.877535,0.00820385,5940,82,10000,1.0,89,97,1
859,95308385,0.3464,0.529938,0.0,0.9081965,0.00603365,5487,75,10000,1.0,65,90,1
860,1404005360,0.484206,0.547974,0.0,0.9219725,0.013237099999999998,6944,56,10000,1.0,130,70,1
861,2670167844,0.352968,0.469412,0.0,0.8933525,0.0197981,4861,97,10000,1.0,194,112,1
862,3909408923,0.33056199999999997,0.431454,0.0,0.9279875,0.0106961,3847,128,10000,1.0,108,143,1
863,1193054019,0.343364,0.56899,0.0,0.917825,0.0161267,5638,78,10000,1.0,154,93,1
864,3518089301,0.356704,0.411926,0.0,0.8806325,0.00971465,4036,111,10000,1.0,101,126,1
865,3836854013,0.364268,0.527838,0.0,0.9134194999999999,0.0054404,5649,75,10000,1.0,54,90,1
866,1405236135,0.482174,0.533288,0.0,0.894635,0.0133631,6851,53,10000,1.0,135,68,1
867,619924912,0.42806999999999995,0.583086,0.0,0.8070725000000001,0.0137258,6817,57,10000,1.0,131,72,1
868,3401492583,0.488492,0.54627,0.0,0.9140254999999999,0.00501275,7055,53,10000,1.0,47,68,1
869,1811370299,0.338374,0.50053,0.0,0.868109,0.0198539,4840,89,10000,1.0,212,104,1
870,1272908989,0.340852,0.458188,0.0,0.8862125,0.01642745,4516,103,10000,1.0,138,118,1
871,1099474774,0.370658,0.596464,0.0,0.83165,0.0128285,6265,62,10000,1.0,140,77,1
872,587396550,0.33894,0.401486,0.0,0.844535,0.0183239,3436,131,10000,1.0,165,146,1
873,1732063078,0.397176,0.590664,0.0,0.851333,0.00794645,6567,57,10000,1.0,62,72,1
874,30844108,0.488996,0.40145200000000003,0.0,0.868364,0.014255299999999999,5666,80,10000,1.0,144,94,1
875,3067296496,0.38756199999999996,0.46753,0.0,0.8177150000000001,0.01305995,5321,78,10000,1.0,124,93,1
876,3228823271,0.406302,0.40096400000000004,0.0,0.8488640000000001,0.01701305,4717,93,10000,1.0,163,108,1
877,1505161080,0.313168,0.482334,0.0,0.943784,0.0156401,4133,106,10000,1.0,177,121,1
878,3888296994,0.334696,0.541422,0.0,0.9446479999999999,0.005972750000000001,5267,74,10000,1.0,58,89,1
879,3161784038,0.362808,0.431612,0.0,0.8820065,0.0058961,4459,104,10000,1.0,44,119,1
880,1816896531,0.479298,0.510444,0.0,0.8719805,0.00726275,6615,58,10000,1.0,77,73,1
881,1024962280,0.471078,0.444964,0.0,0.870236,0.01233155,6120,70,10000,1.0,102,84,1
882,4069776704,0.315114,0.540966,0.0,0.8472365000000001,0.00873995,4912,91,10000,1.0,74,106,1
883,4242671828,0.300102,0.485998,0.0,0.873341,0.0129185,4126,118,10000,1.0,128,133,1
884,648301299,0.4956,0.41161000000000003,0.0,0.915731,0.00551855,6009,69,10000,1.0,50,84,1
885,2417079313,0.338076,0.533148,0.0,0.9426859999999999,0.017705449999999998,5301,90,10000,1.0,160,105,1
886,2751974894,0.45712600000000003,0.55979,0.0,0.847874,0.011885900000000001,6825,58,10000,1.0,111,73,1
887,1369661322,0.46115,0.43647400000000003,0.0,0.8503580000000001,0.0059996,5940,69,10000,1.0,58,84,1
888,1004763533,0.456394,0.564068,0.0,0.838754,0.00746135,6913,54,10000,1.0,69,69,1
889,3470564991,0.324366,0.441168,0.0,0.8433470000000001,0.00913415,3899,114,10000,1.0,86,129,1
890,1789612710,0.497088,0.451896,0.0,0.886748,0.0060707,6448,61,10000,1.0,79,75,1
891,3126322070,0.488456,0.428074,0.0,0.8544995,0.0193055,6085,62,10000,1.0,194,76,1
892,2593810688,0.472742,0.560142,0.0,0.8294015,0.01960145,6964,56,10000,1.0,210,70,1
893,3275588037,0.366014,0.471598,0.0,0.8023565,0.0108842,5080,86,10000,1.0,116,101,1
894,4118608961,0.32705799999999996,0.45523,0.0,0.8012345000000001,0.01745705,4026,122,10000,1.0,185,137,1
895,2249769597,0.480772,0.49523,0.0,0.8425235,0.01304495,6506,57,10000,1.0,135,72,1
896,3159499975,0.323976,0.408818,0.0,0.925241,0.00709445,3384,144,10000,1.0,69,159,1
897,178903109,0.414036,0.572852,0.0,0.8919545,0.0191348,6657,60,10000,1.0,206,75,1
898,959673873,0.33496,0.577682,0.0,0.9357575,0.00799805,5708,71,10000,1.0,90,86,1
899,700459199,0.479748,0.594212,0.0,0.9024559999999999,0.011909,7251,51,10000,1.0,107,66,1
900,128976879,0.407712,0.564572,0.0,0.8022275000000001,0.00904655,6465,59,10000,1.0,99,74,1
901,618442256,0.306682,0.486756,0.0,0.8765195,0.010787600000000001,4150,112,10000,1.0,112,127,1
902,1461159848,0.35631599999999997,0.59949,0.0,0.8381540000000001,0.00921695,6085,68,10000,1.0,81,83,1
903,3846668570,0.495344,0.5825,0.0,0.9483919999999999,0.006572,7240,50,10000,1.0,65,65,1
904,4204385247,0.488624,0.47561200000000003,0.0,0.85958,0.007491650000000001,6448,61,10000,1.0,69,76,1
905,630206117,0.32926,0.583868,0.0,0.934013,0.017051149999999998,5585,80,10000,1.0,176,95,1
906,1671985145,0.327426,0.4454,0.0,0.8886769999999999,0.00523235,3927,114,10000,1.0,56,129,1
907,3295256484,0.47689,0.51116,0.0,0.867011,0.014907049999999998,6635,57,10000,1.0,129,71,1
908,443647840,0.30665,0.554616,0.0,0.8672690000000001,0.0061343000000000005,4983,84,10000,1.0,64,100,1
909,4055533037,0.48157,0.49563999999999997,0.0,0.8788009999999999,0.017104249999999998,6576,58,10000,1.0,153,73,1
910,389590930,0.329314,0.500598,0.0,0.813191,0.013421449999999998,4816,92,10000,1.0,127,107,1
911,2510363403,0.43317399999999995,0.571712,0.0,0.9440375,0.008279,6742,60,10000,1.0,92,75,1
912,3392321197,0.409912,0.497878,0.0,0.8570135,0.015423200000000001,6013,73,10000,1.0,161,88,1
913,3646482731,0.393788,0.516568,0.0,0.9084305,0.00692555,5866,71,10000,1.0,74,85,1
914,1039981601,0.42594,0.437942,0.0,0.8225135,0.0072479,5553,74,10000,1.0,76,89,1
915,4151790308,0.42937000000000003,0.476448,0.0,0.9335255,0.01989875,5974,68,10000,1.0,173,83,1
916,3954591112,0.423964,0.563576,0.0,0.8440835,0.0170048,6537,59,10000,1.0,164,74,1
917,3088105170,0.477984,0.4835,0.0,0.8913485,0.014408299999999999,6410,61,10000,1.0,154,76,1
918,3374295791,0.451942,0.459318,0.0,0.853388,0.0171998,5955,78,10000,1.0,180,93,1
919,548644529,0.450982,0.55901,0.0,0.8461730000000001,0.01207175,6789,61,10000,1.0,119,75,1
920,1405351549,0.42796999999999996,0.43015800000000004,0.0,0.9256639999999999,0.0064133,5418,79,10000,1.0,49,93,1
921,1793185219,0.403996,0.455372,0.0,0.931802,0.01663175,5287,82,10000,1.0,155,96,1
922,1437768165,0.455612,0.455168,0.0,0.823577,0.01773845,5990,68,10000,1.0,212,82,1
923,2704221950,0.30325599999999997,0.596106,0.0,0.930617,0.013609699999999999,5249,82,10000,1.0,143,97,1
924,1152067509,0.459078,0.41341,0.0,0.8200955000000001,0.017046799999999997,5469,78,10000,1.0,176,93,1
925,3852266488,0.392686,0.43043400000000004,0.0,0.885545,0.013483249999999999,4925,82,10000,1.0,110,97,1
926,1629652934,0.337202,0.460322,0.0,0.9468544999999999,0.01650935,4385,102,10000,1.0,166,117,1
927,2757010783,0.391326,0.57844,0.0,0.894359,0.0133313,6411,61,10000,1.0,142,75,1
928,799164996,0.413988,0.480478,0.0,0.8873329999999999,0.01410755,5702,70,10000,1.0,121,85,1
929,3177210641,0.486296,0.42676800000000004,0.0,0.849215,0.0114683,5997,70,10000,1.0,122,84,1
930,266624936,0.375428,0.572032,0.0,0.9289324999999999,0.0156134,6186,63,10000,1.0,183,78,1
931,199363844,0.335538,0.513354,0.0,0.899987,0.01143425,5058,109,10000,1.0,101,124,1
932,1814806751,0.499436,0.52757,0.0,0.862808,0.009420350000000001,6961,54,10000,1.0,98,69,1
933,3410867270,0.325032,0.427896,0.0,0.8906675,0.013452200000000001,3675,146,10000,1.0,105,161,1
934,2940420118,0.337914,0.428556,0.0,0.9027094999999999,0.015388100000000002,3975,115,10000,1.0,159,130,1
935,3877855507,0.40997,0.50446,0.0,0.8091320000000001,0.009476449999999999,5975,73,10000,1.0,113,88,1
936,2450454131,0.43642000000000003,0.463994,0.0,0.863975,0.01854755,5875,68,10000,1.0,185,83,1
937,3258815706,0.33449799999999996,0.557146,0.0,0.8411375,0.01575005,5496,78,10000,1.0,165,93,1
938,3095038504,0.484068,0.583286,0.0,0.8655965,0.01688075,7195,49,10000,1.0,193,64,1
939,2022075737,0.419154,0.413922,0.0,0.806942,0.01618145,5041,94,10000,1.0,157,109,1
940,1731998231,0.370854,0.417252,0.0,0.941291,0.01788515,4481,93,10000,1.0,167,108,1
941,379801072,0.312668,0.504396,0.0,0.8183,0.01304135,4517,107,10000,1.0,116,122,1
942,1958757624,0.40148,0.563496,0.0,0.8910125,0.01888115,6339,63,10000,1.0,174,78,1
943,540332122,0.35228,0.436516,0.0,0.8313065000000001,0.0152768,4349,96,10000,1.0,164,111,1
944,3136515308,0.37128,0.441234,0.0,0.9486424999999999,0.0070715,4739,100,10000,1.0,75,114,1
945,4270963809,0.425284,0.526124,0.0,0.921494,0.00844715,6277,68,10000,1.0,91,82,1
946,721720710,0.469786,0.414364,0.0,0.8831015,0.0069689,5745,69,10000,1.0,85,84,1
947,2566868398,0.362766,0.531118,0.0,0.8796365,0.0167216,5682,76,10000,1.0,173,91,1
948,327949787,0.494398,0.548786,0.0,0.9475309999999999,0.01492535,7105,57,10000,1.0,149,72,1
949,3717657092,0.35306,0.42172600000000005,0.0,0.9369575,0.00729575,4166,106,10000,1.0,70,121,1
950,1519633392,0.469096,0.5201359999999999,0.0,0.8532665,0.009938450000000001,6627,57,10000,1.0,126,72,1
951,482436794,0.457302,0.5895239999999999,0.0,0.8844485,0.0063608,7015,53,10000,1.0,74,68,1
952,1373861445,0.414722,0.430522,0.0,0.8938325,0.009869300000000001,5270,84,10000,1.0,77,99,1
953,1023948787,0.31474399999999997,0.51875,0.0,0.896075,0.01402685,4812,84,10000,1.0,141,99,1
954,1124050157,0.420524,0.55015,0.0,0.8870765,0.0059468,6502,64,10000,1.0,55,78,1
955,2018849184,0.327466,0.512802,0.0,0.9169714999999999,0.00563045,4841,95,10000,1.0,58,110,1
956,3516428232,0.40644,0.569426,0.0,0.9199474999999999,0.0181097,6492,57,10000,1.0,181,72,1
957,2717157300,0.328514,0.585846,0.0,0.8779325,0.018220999999999998,5752,79,10000,1.0,170,93,1
958,100354092,0.441598,0.4545,0.0,0.8686835,0.01296485,5825,71,10000,1.0,133,85,1
959,1473513626,0.30364599999999997,0.43520800000000004,0.0,0.8331755000000001,0.012111199999999999,3265,196,10000,1.0,122,211,1
960,3635695228,0.449194,0.488806,0.0,0.8846855,0.010599649999999999,6251,66,10000,1.0,104,81,1
961,2485641624,0.43608199999999997,0.484346,0.0,0.8814275,0.01524665,6104,75,10000,1.0,162,90,1
962,4043262420,0.38009,0.463086,0.0,0.9314795,0.014216900000000001,5333,80,10000,1.0,144,95,1
963,1719457596,0.340148,0.454844,0.0,0.831206,0.01670795,4532,99,10000,1.0,160,114,1
964,2585732347,0.31661,0.571148,0.0,0.85544,0.00917285,5329,82,10000,1.0,107,98,1
965,1255163133,0.45094,0.46714,0.0,0.8713505,0.012839449999999999,6104,68,10000,1.0,129,83,1
966,2909940698,0.463274,0.597758,0.0,0.8481920000000001,0.01559315,7104,50,10000,1.0,164,65,1
967,308524294,0.415006,0.477736,0.0,0.9240005,0.00555035,5796,68,10000,1.0,58,83,1
968,3457039470,0.354668,0.50507,0.0,0.898178,0.0186557,5329,85,10000,1.0,193,100,1
969,1374141844,0.348584,0.479532,0.0,0.946631,0.01695245,4927,94,10000,1.0,151,108,1
970,3045954887,0.389088,0.40934200000000004,0.0,0.8465375,0.008785399999999999,4591,95,10000,1.0,107,110,1
971,285481984,0.394372,0.422724,0.0,0.837245,0.01881005,4905,93,10000,1.0,182,107,1
972,4274025560,0.34309,0.594862,0.0,0.905795,0.01941485,5932,78,10000,1.0,200,93,1
973,307365405,0.388958,0.558594,0.0,0.94511,0.01432535,6240,64,10000,1.0,156,79,1
974,2390338272,0.427006,0.51253,0.0,0.9189155,0.00984425,6331,59,10000,1.0,113,73,1
975,1719744628,0.388136,0.43147,0.0,0.8134370000000001,0.01885145,4899,82,10000,1.0,196,97,1
976,5049255,0.317418,0.543666,0.0,0.9107765,0.0120266,5087,90,10000,1.0,100,105,1
977,1532478207,0.476942,0.536802,0.0,0.90908,0.00671,6954,51,10000,1.0,64,65,1
978,202525753,0.416638,0.5236339999999999,0.0,0.807065,0.0063137,6262,68,10000,1.0,59,83,1
979,3662056602,0.33209,0.464142,0.0,0.924566,0.014790499999999998,4330,98,10000,1.0,141,114,1
980,2072024613,0.38078,0.43769600000000003,0.0,0.9375635,0.0081929,4789,102,10000,1.0,69,117,1
981,2296724436,0.373136,0.43321600000000005,0.0,0.917774,0.0105311,4712,99,10000,1.0,101,114,1
982,2768381809,0.365072,0.552834,0.0,0.9032375,0.0155093,5780,73,10000,1.0,126,88,1
983,3150429552,0.471088,0.505274,0.0,0.9107315,0.008996750000000001,6606,59,10000,1.0,88,74,1
984,201389609,0.353566,0.415922,0.0,0.8187605,0.01171415,4060,114,10000,1.0,118,129,1
985,1791367755,0.331478,0.489802,0.0,0.9449345,0.010171099999999999,4583,111,10000,1.0,92,126,1
986,564102060,0.371712,0.411376,0.0,0.939707,0.00967025,4351,117,10000,1.0,98,132,1
987,522172286,0.374576,0.536528,0.0,0.8111705,0.0161678,5819,67,10000,1.0,173,82,1
988,1536753570,0.462402,0.44111,0.0,0.81926,0.009398150000000001,5919,76,10000,1.0,106,91,1
989,2551099619,0.31705,0.405652,0.0,0.895625,0.0147761,3138,167,10000,1.0,160,183,1
990,294077609,0.445438,0.53301,0.0,0.8072795,0.01921385,6522,56,10000,1.0,174,71,1
991,92185209,0.467512,0.565444,0.0,0.8143535000000001,0.0147176,6953,55,10000,1.0,127,70,1
992,3192221312,0.370692,0.502234,0.0,0.9227584999999999,0.0073877,5443,76,10000,1.0,57,91,1
993,3400357810,0.331686,0.50953,0.0,0.8881355,0.0062918,4976,89,10000,1.0,55,104,1
994,452052325,0.342362,0.441368,0.0,0.9410765,0.016130449999999998,4123,110,10000,1.0,161,126,1
995,447830803,0.330142,0.453344,0.0,0.880619,0.01658915,4173,106,10000,1.0,165,121,1
996,2951475007,0.40772600000000003,0.439708,0.0,0.875156,0.00791615,5209,80,10000,1.0,81,95,1
997,4008039522,0.436168,0.569374,0.0,0.8293625,0.013949899999999998,6846,54,10000,1.0,135,69,1
998,4287593730,0.418532,0.41593600000000003,0.0,0.8076110000000001,0.01168475,5047,100,10000,1.0,117,115,1
999,502173870,0.487644,0.410828,0.0,0.85853,0.0090758,5783,68,10000,1.0,83,83,1
1000,769916398,0.340958,0.48761,0.0,0.916445,0.0192974,4830,87,10000,1.0,194,103,1
